workingTag,.io.name,.io.p&id,.io.desc,.io.pLbl,.gsHi,.configDis,.notPres,.almDlySp,.almShtdnEn,.almEn,.io.rawMin,.io.rawMax,.io.scldMin,.io.scldMax,.io.unit
COMM_WRK;IO;HS00_00,HS 00.00,HS 00.00,Local EMO 1,HS 00.00,TRUE,TRUE,FALSE,1,TRUE,TRUE,,,,,
COMM_WRK;IO;REMO,REMO,REMO,Remote EMO,REMO,TRUE,TRUE,FALSE,1,TRUE,TRUE,,,,,
COMM_WRK;IO;RLSAF,RLSAF,RLSAF,Remote Life Safety,RLSAF,TRUE,TRUE,FALSE,1,TRUE,TRUE,,,,,
COMM_WRK;IO;ZS20_00,ZS 20.00,ZS 20.00,Common Cabinet Door Interlock 1,ZS 20.00,TRUE,TRUE,FALSE,1,FALSE,TRUE,,,,,
COMM_WRK;IO;PS00_00,PS 00.00,PS 00.00,Cabinet Exhaust Fault,PS 00.00,TRUE,TRUE,FALSE,1,TRUE,TRUE,,,,,
COMM_WRK;IO;LS00_05,LS 00.05,LS 00.05,Cabinet Leak 2,LS 00.05,TRUE,FALSE,FALSE,1,TRUE,TRUE,,,,,
COMM_WRK;IO;PS00_01,PS 00.01,PS 00.01,Common Cabinet Exhaust Fault 2,PS 00.01,TRUE,TRUE,FALSE,1,FALSE,TRUE,,,,,
COMM_WRK;IO;ZS00_00,ZS 00.00,ZS 00.00,Control Cabinet Door Interlock,ZS 00.00,TRUE,FALSE,FALSE,1,FALSE,TRUE,,,,,
COMM_WRK;IO;LS00_04,LS 00.04,LS 00.04,Cabinet Leak 1,LS 00.04,TRUE,FALSE,FALSE,1,FALSE,TRUE,,,,,
COMM_WRK;IO;C2,C 2,C 2,Primary VAC Loss,C 2,TRUE,FALSE,FALSE,1,FALSE,TRUE,,,,,
COMM_WRK;IO;DM1,DM 1,DM 1,Redundancy Module 1 Fault,DM 1,TRUE,FALSE,FALSE,1,FALSE,TRUE,,,,,
COMM_WRK;IO;DM2,DM 2,DM 2,Redundancy Module 2 Fault,DM 2,TRUE,FALSE,FALSE,1,FALSE,TRUE,,,,,
COMM_WRK;IO;PSP1,PSP 1,PSP 1,Power Supply 1 Fault,PSP 1,TRUE,FALSE,FALSE,1,FALSE,TRUE,,,,,
COMM_WRK;IO;PSP2,PSP 2,PSP 2,Power Supply 2 Fault,PSP 2,TRUE,FALSE,FALSE,1,FALSE,TRUE,,,,,
COMM_WRK;IO;ZS00_01,ZS 00.01,ZS 00.01,Alarm Bypass Key Switch,ZS 00.01,TRUE,FALSE,FALSE,1,FALSE,FALSE,,,,,
COMM_WRK;IO;R10,R 10,R 10,EMO Enable,R 10,TRUE,FALSE,FALSE,1,FALSE,FALSE,,,,,
COMM_WRK;IO;LS50_07,LS 50.07,LS 50.07,Sample Overfill,LS 50.07,TRUE,FALSE,FALSE,1,FALSE,TRUE,,,,,
COMM_WRK;IO;ZS70_00,ZS 70.00,ZS 70.00,Sample Door Interlock,ZS 70.00,TRUE,FALSE,FALSE,1,FALSE,TRUE,,,,,
COMM_WRK;IO;HS70_00,HS 70.00,HS 70.00,Sample Dispense Button,HS 70.00,TRUE,FALSE,FALSE,1,FALSE,FALSE,,,,,
COMM_WRK;IO;LS,LS,LS,Sample Drain,LS,TRUE,FALSE,FALSE,1,FALSE,TRUE,,,,,
COMM_WRK;IO;PS21_00,PS 21.00,PS 21.00,Eng 1 Exhaust Fault,PS 21.00,TRUE,FALSE,FALSE,1,TRUE,TRUE,,,,,
COMM_WRK;IO;PS22_00,PS 22.00,PS 22.00,Eng 2 Exhaust Fault,PS 22.00,TRUE,FALSE,FALSE,1,TRUE,TRUE,,,,,
COMM_WRK;IO;LS50_01,LS 50.01,LS 50.01,Waste Vessel Low,LS 50.01,TRUE,FALSE,FALSE,1,FALSE,FALSE,,,,,
COMM_WRK;IO;LS50_03,LS 50.03,LS 50.03,Waste Vessel Full,LS 50.03,TRUE,FALSE,FALSE,1,FALSE,FALSE,,,,,
COMM_WRK;IO;LS50_04,LS 50.04,LS 50.04,Waste Vessel High,LS 50.04,TRUE,FALSE,FALSE,1,FALSE,TRUE,,,,,
COMM_WRK;IO;LS50_05,LS 50.05,LS 50.05,Waste Vessel High High,LS 50.05,TRUE,FALSE,FALSE,1,TRUE,TRUE,,,,,
COMM_WRK;IO;FS86_00,FS 86.00,FS 86.00,Waste Dilution Flow Switch,FS 86.00,TRUE,FALSE,TRUE,1,FALSE,FALSE,0,27648,0,60,L/m
COMM_WRK;IO;FS50_00,FS 50.00,FS 50.00,Waste Flow Switch,FS 50.00,TRUE,FALSE,FALSE,1,FALSE,FALSE,0,27648,0,60,L/m
COMM_WRK;IO;ZS20_01,ZS 20.01,ZS 20.01,Common Cabinet Door Interlock 2,ZS 20.01,TRUE,TRUE,FALSE,1,FALSE,TRUE,,,,,
COMM_WRK;IO;C4,C 4,C 4,Pump Primary VAC Loss,C 4,TRUE,FALSE,TRUE,1,FALSE,FALSE,,,,,
COMM_WRK;IO;HPM1,HPM 1,HPM 1,HPM1 Shutdown (From the Customer),HPM 1,TRUE,FALSE,FALSE,1,TRUE,TRUE,,,,,
COMM_WRK;IO;HPM2,HPM 2,HPM 2,HPM2 Shutdown (From the Customer),HPM 2,TRUE,FALSE,FALSE,1,TRUE,TRUE,,,,,
COMM_WRK;IO;LS21_00,LS 21.00,LS 21.00,Tank 21.00 Low Low,LS 21.00,TRUE,FALSE,FALSE,1,TRUE,TRUE,,,,,
COMM_WRK;IO;LS21_01,LS 21.01,LS 21.01,Tank 21.00 Low,LS 21.01,TRUE,FALSE,FALSE,1,FALSE,TRUE,,,,,
COMM_WRK;IO;LS21_02,LS 21.02,LS 21.02,Tank 21.00 Fill,LS 21.02,TRUE,FALSE,FALSE,1,FALSE,TRUE,,,,,
COMM_WRK;IO;LS21_03,LS 21.03,LS 21.03,Tank 21.00 Full,LS 21.03,TRUE,FALSE,FALSE,1,FALSE,FALSE,,,,,
COMM_WRK;IO;LS21_04,LS 21.04,LS 21.04,Tank 21.00 High,LS 21.04,FALSE,FALSE,FALSE,1,FALSE,TRUE,,,,,
COMM_WRK;IO;LS21_05,LS 21.05,LS 21.05,Tank 21.00 High High,LS 21.05,TRUE,FALSE,FALSE,1,TRUE,TRUE,,,,,
COMM_WRK;IO;LS21_06,LS 21.06,LS 21.06,Tank 21.00 Lower Containment Leak 1,LS 21.06,TRUE,FALSE,FALSE,1,FALSE,TRUE,,,,,
COMM_WRK;IO;LS21_08,LS 21.08,LS 21.08,Tank 21.00 Upper Containment Leak 1,LS 21.08,TRUE,FALSE,FALSE,1,FALSE,TRUE,,,,,
COMM_WRK;IO;LS21_07,LS 21.07,LS 21.07,Tank 21.00 Lower Containment Leak 2,LS 21.07,TRUE,FALSE,FALSE,1,TRUE,TRUE,,,,,
COMM_WRK;IO;LS21_09,LS 21.09,LS 21.09,Tank 21.00 Upper Containment Leak 2,LS 21.09,TRUE,FALSE,FALSE,1,TRUE,TRUE,,,,,
COMM_WRK;IO;PS21_03,PS 21.03,PS 21.03,Tank 21.00 Burst Monitor,PS 21.03,TRUE,FALSE,FALSE,1,TRUE,TRUE,,,,,
COMM_WRK;IO;PS21_02,PS 21.02,PS 21.02,Tank 21.00 Indirect Vent Exhaust Fault,PS 21.02,TRUE,FALSE,FALSE,1,TRUE,TRUE,,,,,
COMM_WRK;IO;R2,R 2,R 2,Chemical Demand 1,R 2,TRUE,FALSE,FALSE,1,FALSE,FALSE,,,,,
COMM_WRK;IO;R3,R 3,R 3,Chemical Demand 2,R 3,TRUE,FALSE,FALSE,1,FALSE,FALSE,,,,,
COMM_WRK;IO;R4,R 4,R 4,Bulk Ready,R 4,TRUE,FALSE,FALSE,1,FALSE,FALSE,,,,,
COMM_WRK;IO;DIM05_15,,,SPARE,,TRUE,FALSE,TRUE,1,FALSE,FALSE,,,,,
COMM_WRK;IO;LS22_00,LS 22.00,LS 22.00,Tank 22.00 Low Low,LS 22.00,TRUE,FALSE,TRUE,1,FALSE,FALSE,,,,,
COMM_WRK;IO;LS22_01,LS 22.01,LS 22.01,Tank 22.00 Low,LS 22.01,TRUE,FALSE,TRUE,1,FALSE,FALSE,,,,,
COMM_WRK;IO;LS22_02,LS 22.02,LS 22.02,Tank 22.00 Fill,LS 22.02,TRUE,FALSE,TRUE,1,FALSE,FALSE,,,,,
COMM_WRK;IO;LS22_03,LS 22.03,LS 22.03,Tank 22.00 Full,LS 22.03,TRUE,FALSE,TRUE,1,FALSE,FALSE,,,,,
COMM_WRK;IO;LS22_04,LS 22.04,LS 22.04,Tank 22.00 High,LS 22.04,FALSE,FALSE,TRUE,1,FALSE,FALSE,,,,,
COMM_WRK;IO;LS22_05,LS 22.05,LS 22.05,Tank 22.00 High High,LS 22.05,TRUE,FALSE,TRUE,1,FALSE,FALSE,,,,,
COMM_WRK;IO;LS22_06,LS 22.06,LS 22.06,Tank 22.00 Lower Containment Leak 1,LS 22.06,TRUE,FALSE,TRUE,1,FALSE,FALSE,,,,,
COMM_WRK;IO;LS22_08,LS 22.08,LS 22.08,Tank 22.00 Upper Containment Leak 1,LS 22.08,TRUE,FALSE,TRUE,1,FALSE,FALSE,,,,,
COMM_WRK;IO;LS22_07,LS 22.07,LS 22.07,Tank 22.00 Lower Containment Leak 2,LS 22.07,TRUE,FALSE,TRUE,1,FALSE,FALSE,,,,,
COMM_WRK;IO;LS22_09,LS 22.09,LS 22.09,Tank 22.00 Upper Containment Leak 2,LS 22.09,TRUE,FALSE,TRUE,1,FALSE,FALSE,,,,,
COMM_WRK;IO;PS22_03,PS 22.03,PS 22.03,Tank 22.00 Burst Monitor,PS 22.03,TRUE,FALSE,TRUE,1,FALSE,FALSE,,,,,
COMM_WRK;IO;PS22_02,PS 22.02,PS 22.02,Tank 22.00 Indirect Vent Exhaust Fault,PS 22.02,TRUE,FALSE,TRUE,1,FALSE,FALSE,,,,,
COMM_WRK;IO;R5,R 5,R 5,Future Comms,R 5,FALSE,FALSE,FALSE,1,FALSE,FALSE,,,,,
COMM_WRK;IO;R6,R 6,R 6,Future Comms,R 6,FALSE,FALSE,FALSE,1,FALSE,FALSE,,,,,
COMM_WRK;IO;R7,R 7,R 7,Vessel Approved,R 7,TRUE,FALSE,TRUE,1,FALSE,FALSE,,,,,
COMM_WRK;IO;DIM06_15,,,SPARE,,FALSE,FALSE,TRUE,1,FALSE,FALSE,,,,,
COMM_WRK;IO;PS02_00,PS 02.00,PS 02.00,Z Purge,PS 02.00,TRUE,FALSE,FALSE,1,FALSE,FALSE,,,,,
COMM_WRK;IO;FIREWARN,FIREWARN,FIREWARN,Remote Fire Suppression Warning,FIREWARN,TRUE,FALSE,FALSE,1,FALSE,FALSE,,,,,
COMM_WRK;IO;FIREDISCH,FIREDISCH,FIREDISCH,Remote Fire Suppression Discharge,FIREDISCH,TRUE,TRUE,FALSE,1,FALSE,FALSE,,,,,
COMM_WRK;IO;R26,R 26,R 26,Power - Secondary VAC Loss,R 26,TRUE,FALSE,FALSE,1,FALSE,FALSE,,,,,
COMM_WRK;IO;R27,R 27,R 27,Pump Power - Secondary VAC Loss,R 27,TRUE,FALSE,FALSE,1,FALSE,FALSE,,,,,
COMM_WRK;IO;LS60_07,LS 60.07,LS 60.07,Particle Counter Internal Leak Detect,LS 60.07,TRUE,FALSE,TRUE,1,FALSE,FALSE,,,,,
COMM_WRK;IO;LS20_07,LS 20.07,LS 20.07,Indirect Vent Empty,LS 20.07,FALSE,FALSE,TRUE,1,FALSE,FALSE,,,,,
COMM_WRK;IO;LS20_08,LS 20.08,LS 20.08,Indirect Vent Fill A,LS 20.08,TRUE,FALSE,TRUE,1,FALSE,FALSE,,,,,
COMM_WRK;IO;LS20_09,LS 20.09,LS 20.09,Indirect Vent Fill B,LS 20.09,TRUE,FALSE,TRUE,1,FALSE,FALSE,,,,,
COMM_WRK;IO;LS20_10,LS 20.10,LS 20.10,Indirect Vent Overfill A,LS 20.10,TRUE,FALSE,TRUE,1,FALSE,TRUE,,,,,
COMM_WRK;IO;LS20_11,LS 20.11,LS 20.11,Indirect Vent Overfill B,LS 20.11,TRUE,FALSE,TRUE,1,FALSE,TRUE,,,,,
COMM_WRK;IO;LS60_06,LS 60.06,LS 60.06,Particle Counter Leak Detect,LS 60.06,TRUE,FALSE,TRUE,1,FALSE,TRUE,,,,,
COMM_WRK;IO;ZS60_00,ZS 60.00,ZS 60.00,Particle Counter Door Interlock,ZS 60.00,TRUE,FALSE,FALSE,1,FALSE,TRUE,,,,,
COMM_WRK;IO;HS00_05,HS 00.05,HS 00.05,Local EMO 2,HS 00.05,TRUE,TRUE,FALSE,1,TRUE,TRUE,,,,,
COMM_WRK;IO;DIM07_14,,,SPARE,,TRUE,FALSE,TRUE,1,FALSE,FALSE,,,,,
COMM_WRK;IO;DIM07_15,,,SPARE,,FALSE,FALSE,TRUE,1,FALSE,FALSE,,,,,
COMM_WRK;IO;YI00_00,YI 00.00,YI 00.00,System Audible Alert,YI 00.00,FALSE,FALSE,FALSE,,FALSE,FALSE,,,,,
COMM_WRK;IO;YL00_02,YL 00.02,YL 00.02,System OK,YL 00.02,FALSE,FALSE,FALSE,,FALSE,FALSE,,,,,
COMM_WRK;IO;YL00_01,YL 00.01,YL 00.01,System Maintenance,YL 00.01,FALSE,FALSE,FALSE,,FALSE,FALSE,,,,,
COMM_WRK;IO;YL00_00,YL 00.00,YL 00.00,System Shutdown,YL 00.00,FALSE,FALSE,FALSE,,FALSE,FALSE,,,,,
COMM_WRK;IO;XL00_00,XL 00.00,XL 00.00,Control Cabinet Light,XL 00.00,FALSE,FALSE,FALSE,,FALSE,FALSE,,,,,
COMM_WRK;IO;XL20_00,XL 20.00,XL 20.00,Common Cabinet Light,XL 20.00,FALSE,FALSE,FALSE,,FALSE,FALSE,,,,,
COMM_WRK;IO;OUT_R10,OUT_R 10,OUT_R 10,EMO Reset,OUT_R 10,FALSE,FALSE,FALSE,,FALSE,FALSE,,,,,
COMM_WRK;IO;DOM08_07,,,SPARE,,FALSE,FALSE,TRUE,,FALSE,FALSE,,,,,
COMM_WRK;IO;YL70_00,YL 70.00,YL 70.00,Sample Dispense Button Light,YL 70.00,FALSE,FALSE,FALSE,,FALSE,FALSE,,,,,
COMM_WRK;IO;DOM08_09,,,SPARE,,FALSE,FALSE,TRUE,,FALSE,FALSE,,,,,
COMM_WRK;IO;DOM08_10,,,SPARE,,FALSE,FALSE,TRUE,,FALSE,FALSE,,,,,
COMM_WRK;IO;DOM08_11,,,SPARE,,FALSE,FALSE,TRUE,,FALSE,FALSE,,,,,
COMM_WRK;IO;DOM08_12,,,SPARE,,FALSE,FALSE,TRUE,,FALSE,FALSE,,,,,
COMM_WRK;IO;DOM08_13,,,SPARE,,FALSE,FALSE,TRUE,,FALSE,FALSE,,,,,
COMM_WRK;IO;DOM08_14,,,SPARE,,FALSE,FALSE,TRUE,,FALSE,FALSE,,,,,
COMM_WRK;IO;DOM08_15,,,SPARE,,FALSE,FALSE,TRUE,,FALSE,FALSE,,,,,
COMM_WRK;IO;DOM09_00,,,SPARE,,FALSE,FALSE,TRUE,,FALSE,FALSE,,,,,
COMM_WRK;IO;DOM09_01,,,SPARE,,FALSE,FALSE,TRUE,,FALSE,FALSE,,,,,
COMM_WRK;IO;DOM09_02,,,SPARE,,FALSE,FALSE,TRUE,,FALSE,FALSE,,,,,
COMM_WRK;IO;DOM09_03,,,SPARE,,FALSE,FALSE,TRUE,,FALSE,FALSE,,,,,
COMM_WRK;IO;OUT_R11,OUT_R 11,OUT_R 11,System OK,OUT_R 11,FALSE,FALSE,FALSE,,FALSE,FALSE,,,,,
COMM_WRK;IO;OUT_R12,OUT_R 12,OUT_R 12,System Maintenance,OUT_R 12,FALSE,FALSE,FALSE,,FALSE,FALSE,,,,,
COMM_WRK;IO;OUT_R13,OUT_R 13,OUT_R 13,System Shutdown,OUT_R 13,FALSE,FALSE,FALSE,,FALSE,FALSE,,,,,
COMM_WRK;IO;OUT_R14,OUT_R 14,OUT_R 14,Future Comms,OUT_R 14,FALSE,FALSE,FALSE,,FALSE,FALSE,,,,,
COMM_WRK;IO;OUT_R15,OUT_R 15,OUT_R 15,Future Comms,OUT_R 15,FALSE,FALSE,FALSE,,FALSE,FALSE,,,,,
COMM_WRK;IO;OUT_R16,OUT_R 16,OUT_R 16,Future Comms,OUT_R 16,FALSE,FALSE,FALSE,,FALSE,FALSE,,,,,
COMM_WRK;IO;OUT_R17,OUT_R 17,OUT_R 17,Future Comms,OUT_R 17,FALSE,FALSE,FALSE,,FALSE,FALSE,,,,,
COMM_WRK;IO;OUT_R18,OUT_R 18,OUT_R 18,Future Comms,OUT_R 18,FALSE,FALSE,FALSE,,FALSE,FALSE,,,,,
COMM_WRK;IO;OUT_R19,OUT_R 19,OUT_R 19,Future Comms,OUT_R 19,FALSE,FALSE,FALSE,,FALSE,FALSE,,,,,
COMM_WRK;IO;DOM09_13,,,SPARE,,FALSE,FALSE,TRUE,,FALSE,FALSE,,,,,
COMM_WRK;IO;DOM09_14,,,SPARE,,FALSE,FALSE,TRUE,,FALSE,FALSE,,,,,
COMM_WRK;IO;DOM09_15,,,SPARE,,FALSE,FALSE,TRUE,,FALSE,FALSE,,,,,
COMM_WRK;IO;LT21_00,LT 21.00,LT 21.00,Tank 21.00 Level,LT 21.00,FALSE,FALSE,FALSE,,FALSE,FALSE,0,27648,0,100,L
COMM_WRK;IO;FIT40_00,FIT 40.00,FIT 40.00,Chem 1 Return Flow,FIT 40.00,FALSE,FALSE,FALSE,,FALSE,FALSE,0,27648,0,200,L/m
COMM_WRK;IO;PT40_00,PT 40.00,PT 40.00,Chem 1 Return Pressure,PT 40.00,FALSE,FALSE,FALSE,,FALSE,FALSE,0,27648,0,200,PSI
COMM_WRK;IO;FIT30_00,FIT 30.00,FIT 30.00,Chem 1 Supply Flow,FIT 30.00,FALSE,FALSE,FALSE,,FALSE,FALSE,0,27648,0,200,L/m
COMM_WRK;IO;TT40_00,TT 40.00,TT 40.00,Chem 1 Return Temperature,TT 40.00,FALSE,FALSE,FALSE,,FALSE,FALSE,0,27648,-200,630,C
COMM_WRK;IO;PT21_05,PT 21.05,PT 21.05,Tank 21.00 Lower Differential Pressure,PT 21.05,FALSE,FALSE,FALSE,,FALSE,FALSE,0,27648,0,100,PSI
COMM_WRK;IO;PT21_06,PT 21.06,PT 21.06,Tank 21.00 Upper Differential Pressure,PT 21.06,FALSE,FALSE,FALSE,,FALSE,FALSE,0,27648,0,100,PSI
COMM_WRK;IO;PIT21_00,PIT 21.00,PIT 21.00,Eng 1 Exhaust Pressure,PIT 21.00,FALSE,FALSE,FALSE,,FALSE,FALSE,0,27648,0,5,WC
COMM_WRK;IO;LT22_00,LT 22.00,LT 22.00,Tank 22.00 Level,LT 22.00,FALSE,FALSE,FALSE,,FALSE,FALSE,0,27648,0,100,L
COMM_WRK;IO;FIT41_00,FIT 41.00,FIT 41.00,Loop 2 Return Flow,FIT 41.00,FALSE,FALSE,FALSE,,FALSE,FALSE,0,27648,0,200,L/m
COMM_WRK;IO;PT41_00,PT 41.00,PT 41.00,Loop 2 Return Pressure,PT 41.00,FALSE,FALSE,FALSE,,FALSE,FALSE,0,27648,0,200,PSI
COMM_WRK;IO;FIT31_00,FIT 31.00,FIT 31.00,Loop 2 Supply Flow,FIT 31.00,FALSE,FALSE,FALSE,,FALSE,FALSE,0,27648,0,200,L/m
COMM_WRK;IO;PT60_00,PT 60.00,PT 60.00,Particle Counter Pressure,PT 60.00,FALSE,FALSE,TRUE,,FALSE,FALSE,0,27648,0,200,PSI
COMM_WRK;IO;PT22_05,PT 22.05,PT 22.05,Tank 22.00 Lower Differential Pressure,PT 22.05,FALSE,FALSE,FALSE,,FALSE,FALSE,0,27648,0,100,PSI
COMM_WRK;IO;PT22_06,PT 22.06,PT 22.06,Tank 22.00 Upper Differential Pressure,PT 22.06,FALSE,FALSE,FALSE,,FALSE,FALSE,0,27648,0,100,PSI
COMM_WRK;IO;PIT22_00,PIT 22.00,PIT 22.00,Eng 2 Exhaust Pressure,PIT 22.00,FALSE,FALSE,FALSE,,FALSE,FALSE,0,27648,0,5,WC
COMM_WRK;IO;PIT01_00,PIT 01.00,PIT 01.00,Process Gas Pressure,PIT 01.00,FALSE,FALSE,FALSE,,FALSE,FALSE,0,27648,0,145,PSI
COMM_WRK;IO;PIT04_00,PIT 04.00,PIT 04.00,Control Gas Pressure 1,PIT 04.00,FALSE,FALSE,FALSE,,FALSE,FALSE,0,27648,0,145,PSI
COMM_WRK;IO;PIT05_00,PIT 05.00,PIT 05.00,Control Gas Pressure 2,PIT 05.00,FALSE,FALSE,FALSE,,FALSE,FALSE,0,27648,0,145,PSI
COMM_WRK;IO;PIT05_01,PIT 05.01,PIT 05.01,Control Gas Pressure 3,PIT 05.01,FALSE,FALSE,FALSE,,FALSE,FALSE,0,27648,0,145,PSI
COMM_WRK;IO;TT00_00,TT 00.00,TT 00.00,Control Cabinet Temperature,TT 00.00,FALSE,FALSE,FALSE,,FALSE,FALSE,0,27648,0,60,C
COMM_WRK;IO;TT20_00,TT 20.00,TT 20.00,Cabinet Temperature,TT 20.00,FALSE,FALSE,FALSE,,FALSE,FALSE,0,27648,0,60,C
COMM_WRK;IO;AIM12_06,,,SPARE,,FALSE,FALSE,TRUE,,FALSE,FALSE,0,27648,,,
COMM_WRK;IO;PIT00_00,PIT 00.00,PIT 00.00,Cabinet Exhaust Pressure,PIT 00.00,FALSE,FALSE,FALSE,,FALSE,FALSE,0,27648,0,5,WC
COMM_WRK;IO;PT01_02,PT 01.02,PT 01.02,Tank 21.00 Vent pressure,PT 01.02,FALSE,FALSE,FALSE,,FALSE,FALSE,0,27648,0,145,PSI
COMM_WRK;IO;PT01_01,PT 01.01,PT 01.01,Tank 22.00 Vent pressure,PT 01.01,FALSE,FALSE,FALSE,,FALSE,FALSE,0,27648,0,145,PSI
COMM_WRK;IO;PT01_03,PT 01.03,PT 01.03,Sample Purge Pressure,PT 01.03,FALSE,FALSE,FALSE,,FALSE,FALSE,0,27648,0,145,PSI
COMM_WRK;IO;PT01_04,PT 01.04,PT 01.04,Purge Manifold Pressure,PT 01.04,FALSE,FALSE,FALSE,,FALSE,FALSE,0,27648,0,145,PSI
COMM_WRK;IO;PT04_01,PT 04.01,PT 04.01,Waste Pump 50.00 CDA Pressure,PT 04.01,FALSE,FALSE,FALSE,,FALSE,FALSE,0,27648,0,145,PSI
COMM_WRK;IO;PT04_04,PT 04.04,PT 04.04,Pump 21.00 Low Speed CDA Supply Pressure,PT 04.04,FALSE,FALSE,TRUE,,FALSE,FALSE,0,27648,0,145,PSI
COMM_WRK;IO;PT04_03,PT 04.03,PT 04.03,Pump 21.00 CDA Supply Pressure,PT 04.03,FALSE,FALSE,TRUE,,FALSE,FALSE,0,27648,0,145,PSI
COMM_WRK;IO;PT04_02,PT 04.02,PT 04.02,Waste Pump 50.01 CDA Pressure,PT 04.02,FALSE,FALSE,FALSE,,FALSE,FALSE,0,27648,0,145,PSI
COMM_WRK;IO;PY40_00,PY 40.00,PY 40.00,Chem 1 Pressure Control,PY 40.00,FALSE,FALSE,FALSE,,FALSE,FALSE,0,27648,0,100,%
COMM_WRK;IO;AOM14_01,,,SPARE,,FALSE,FALSE,TRUE,,FALSE,FALSE,,,,,
COMM_WRK;IO;AOM14_02,,,SPARE,,FALSE,FALSE,TRUE,,FALSE,FALSE,,,,,
COMM_WRK;IO;AOM14_03,,,SPARE,,FALSE,FALSE,TRUE,,FALSE,FALSE,,,,,
COMM_WRK;IO;FVY04_01,FVY 04.01,FVY 04.01,Waste Pump 50.00 CDA,FVY 04.01,FALSE,FALSE,FALSE,,FALSE,FALSE,,,,,
COMM_WRK;IO;FVY04_02,FVY 04.02,FVY 04.02,Waste Pump 50.01 CDA,FVY 04.02,FALSE,FALSE,FALSE,,FALSE,FALSE,,,,,
COMM_WRK;IO;FVY50_10,FVY 50.10,FVY 50.10,Waste Pump 50.00 Inlet,FVY 50.10,FALSE,FALSE,FALSE,,FALSE,FALSE,,,,,
COMM_WRK;IO;FVY50_06,FVY 50.06,FVY 50.06,Waste Pump 50.01 Inlet,FVY 50.06,FALSE,FALSE,FALSE,,FALSE,FALSE,,,,,
COMM_WRK;IO;FVY50_12,FVY 50.12,FVY 50.12,Waste Pump 50.00 Outlet,FVY 50.12,FALSE,FALSE,FALSE,,FALSE,FALSE,,,,,
COMM_WRK;IO;FVY50_08,FVY 50.08,FVY 50.08,Waste Pump 50.01 Outlet,FVY 50.08,FALSE,FALSE,FALSE,,FALSE,FALSE,,,,,
COMM_WRK;IO;SOL16_06,,,SPARE,,FALSE,FALSE,TRUE,,FALSE,FALSE,,,,,
COMM_WRK;IO;SOL16_07,,,SPARE,,FALSE,FALSE,TRUE,,FALSE,FALSE,,,,,
COMM_WRK;IO;FVY50_00,FVY 50.00,FVY 50.00,Common Floor Drain,FVY 50.00,FALSE,FALSE,FALSE,,FALSE,FALSE,,,,,
COMM_WRK;IO;SOL16_09,,,SPARE,,FALSE,FALSE,TRUE,,FALSE,FALSE,,,,,
COMM_WRK;IO;FVY51_00,FVY 51.00,FVY 51.00,Eng 1 Floor Drain,FVY 51.00,FALSE,FALSE,FALSE,,FALSE,FALSE,,,,,
COMM_WRK;IO;SOL16_11,,,SPARE,,FALSE,FALSE,TRUE,,FALSE,FALSE,,,,,
COMM_WRK;IO;FVY50_04,FVY 50.04,FVY 50.04,Waste Vessel Drain,FVY 50.04,FALSE,FALSE,FALSE,,FALSE,FALSE,,,,,
COMM_WRK;IO;SOL16_13,,,SPARE,,FALSE,FALSE,TRUE,,FALSE,FALSE,,,,,
COMM_WRK;IO;SOL16_14,,,SPARE,,FALSE,FALSE,TRUE,,FALSE,FALSE,,,,,
COMM_WRK;IO;FVY86_00,FVY 86.00,FVY 86.00,Waste Dilution,FVY 86.00,FALSE,FALSE,FALSE,,FALSE,FALSE,,,,,
COMM_WRK;IO;FVY40_00,FVY 40.00,FVY 40.00,Chem Loop Inlet,FVY 40.00,FALSE,FALSE,FALSE,,FALSE,FALSE,,,,,
COMM_WRK;IO;FVY50_05,FVY 50.05,FVY 50.05,Waste Pump 50.01 Purge Inlet,FVY 50.05,FALSE,FALSE,FALSE,,FALSE,FALSE,,,,,
COMM_WRK;IO;FVY50_02,FVY 50.02,FVY 50.02,Waste Pump 50.00 Purge Inlet,FVY 50.02,FALSE,FALSE,FALSE,,FALSE,FALSE,,,,,
COMM_WRK;IO;FVY50_01,FVY 50.01,FVY 50.01,Indirect Vent Drain,FVY 50.01,FALSE,FALSE,TRUE,,FALSE,FALSE,,,,,
COMM_WRK;IO;FVY80_01,FVY 80.01,FVY 80.01,Indirect Vent UPW Supply,FVY 80.01,FALSE,FALSE,TRUE,,FALSE,FALSE,,,,,
COMM_WRK;IO;FVY80_00,FVY 80.00,FVY 80.00,UPW Flush,FVY 80.00,FALSE,FALSE,FALSE,,FALSE,FALSE,,,,,
COMM_WRK;IO;SOL17_06,,,SPARE,,FALSE,FALSE,TRUE,,FALSE,FALSE,,,,,
COMM_WRK;IO;FVY50_03,FVY 50.03,FVY 50.03,Particle Counter Drain,FVY 50.03,FALSE,FALSE,TRUE,,FALSE,FALSE,,,,,
COMM_WRK;IO;FVY60_00,FVY 60.00,FVY 60.00,Chem 1 Particle Counter Supply,FVY 60.00,FALSE,FALSE,TRUE,,FALSE,FALSE,,,,,
COMM_WRK;IO;FVY60_02,FVY 60.02,FVY 60.02,Particle Counter Flush/Purge,FVY 60.02,FALSE,FALSE,TRUE,,FALSE,FALSE,,,,,
COMM_WRK;IO;FVY60_03,FVY 60.03,FVY 60.03,Particle Counter Return to Tank 21.00,FVY 60.03,FALSE,FALSE,TRUE,,FALSE,FALSE,,,,,
COMM_WRK;IO;FVY60_04,FVY 60.04,FVY 60.04,Particle Counter Return to Tank 22.00,FVY 60.04,FALSE,FALSE,TRUE,,FALSE,FALSE,,,,,
COMM_WRK;IO;SOL17_12,,,SPARE,,FALSE,FALSE,TRUE,,FALSE,FALSE,,,,,
COMM_WRK;IO;SOL17_13,,,SPARE,,FALSE,FALSE,TRUE,,FALSE,FALSE,,,,,
COMM_WRK;IO;FVY01_04,FVY 01.04,FVY 01.04,N2 Purge,FVY 01.04,FALSE,FALSE,FALSE,,FALSE,FALSE,,,,,
COMM_WRK;IO;FVY70_00,FVY 70.00,FVY 70.00,Sample Flush/Purge,FVY 70.00,FALSE,FALSE,FALSE,,FALSE,FALSE,,,,,
COMM_WRK;IO;REDUND_FVY04_01,REDUND_FVY 04.01,REDUND_FVY 04.01,Waste Pump 50.00 CDA,REDUND_FVY 04.01,FALSE,FALSE,FALSE,,FALSE,FALSE,,,,,
COMM_WRK;IO;REDUND_FVY04_02,REDUND_FVY 04.02,REDUND_FVY 04.02,Waste Pump 50.01 CDA,REDUND_FVY 04.02,FALSE,FALSE,FALSE,,FALSE,FALSE,,,,,
COMM_WRK;IO;REDUND_FVY50_10,REDUND_FVY 50.10,REDUND_FVY 50.10,Waste Pump 50.00 Inlet,REDUND_FVY 50.10,FALSE,FALSE,FALSE,,FALSE,FALSE,,,,,
COMM_WRK;IO;REDUND_FVY50_06,REDUND_FVY 50.06,REDUND_FVY 50.06,Waste Pump 50.01 Inlet,REDUND_FVY 50.06,FALSE,FALSE,FALSE,,FALSE,FALSE,,,,,
COMM_WRK;IO;REDUND_FVY50_12,REDUND_FVY 50.12,REDUND_FVY 50.12,Waste Pump 50.00 Outlet,REDUND_FVY 50.12,FALSE,FALSE,FALSE,,FALSE,FALSE,,,,,
COMM_WRK;IO;REDUND_FVY50_08,REDUND_FVY 50.08,REDUND_FVY 50.08,Waste Pump 50.01 Outlet,REDUND_FVY 50.08,FALSE,FALSE,FALSE,,FALSE,FALSE,,,,,
COMM_WRK;IO;SOL18_06,,,SPARE,,FALSE,FALSE,TRUE,,FALSE,FALSE,,,,,
COMM_WRK;IO;SOL18_07,,,SPARE,,FALSE,FALSE,TRUE,,FALSE,FALSE,,,,,
COMM_WRK;IO;REDUND_FVY50_00,REDUND_FVY 50.00,REDUND_FVY 50.00,Common Floor Drain,REDUND_FVY 50.00,FALSE,FALSE,FALSE,,FALSE,FALSE,,,,,
COMM_WRK;IO;SOL18_09,,,SPARE,,FALSE,FALSE,TRUE,,FALSE,FALSE,,,,,
COMM_WRK;IO;FVY52_00,FVY 52.00,FVY 52.00,Eng 2 Floor Drain,FVY 52.00,FALSE,FALSE,FALSE,,FALSE,FALSE,,,,,
COMM_WRK;IO;SOL18_11,,,SPARE,,FALSE,FALSE,TRUE,,FALSE,FALSE,,,,,
COMM_WRK;IO;REDUND_FVY50_04,REDUND_FVY 50.04,REDUND_FVY 50.04,Waste Vessel Drain,REDUND_FVY 50.04,FALSE,FALSE,FALSE,,FALSE,FALSE,,,,,
COMM_WRK;IO;SOL18_13,,,SPARE,,FALSE,FALSE,TRUE,,FALSE,FALSE,,,,,
COMM_WRK;IO;SOL18_14,,,SPARE,,FALSE,FALSE,TRUE,,FALSE,FALSE,,,,,
COMM_WRK;IO;REDUND_FVY86_00,REDUND_FVY 86.00,REDUND_FVY 86.00,Waste Dilution,REDUND_FVY 86.00,FALSE,FALSE,TRUE,,FALSE,FALSE,,,,,
COMM_WRK;IO;REDUND_FVY40_00,REDUND_FVY 40.00,REDUND_FVY 40.00,Chem Loop Inlet,REDUND_FVY 40.00,FALSE,FALSE,FALSE,,FALSE,FALSE,,,,,
COMM_WRK;IO;REDUND_FVY50_05,REDUND_FVY 50.05,REDUND_FVY 50.05,Waste Pump 50.01 Purge Inlet,REDUND_FVY 50.05,FALSE,FALSE,FALSE,,FALSE,FALSE,,,,,
COMM_WRK;IO;REDUND_FVY50_02,REDUND_FVY 50.02,REDUND_FVY 50.02,Waste Pump 50.00 Purge Inlet,REDUND_FVY 50.02,FALSE,FALSE,FALSE,,FALSE,FALSE,,,,,
COMM_WRK;IO;REDUND_FVY50_01,REDUND_FVY 50.01,REDUND_FVY 50.01,Indirect Vent Drain,REDUND_FVY 50.01,FALSE,FALSE,TRUE,,FALSE,FALSE,,,,,
COMM_WRK;IO;REDUND_FVY80_01,REDUND_FVY 80.01,REDUND_FVY 80.01,Indirect Vent UPW Supply,REDUND_FVY 80.01,FALSE,FALSE,TRUE,,FALSE,FALSE,,,,,
COMM_WRK;IO;REDUND_FVY80_00,REDUND_FVY 80.00,REDUND_FVY 80.00,UPW Flush,REDUND_FVY 80.00,FALSE,FALSE,FALSE,,FALSE,FALSE,,,,,
COMM_WRK;IO;SOL19_06,,,SPARE,,FALSE,FALSE,TRUE,,FALSE,FALSE,,,,,
COMM_WRK;IO;SOL19_07,,,SPARE,,FALSE,FALSE,TRUE,,FALSE,FALSE,,,,,
COMM_WRK;IO;SOL19_08,,,SPARE,,FALSE,FALSE,TRUE,,FALSE,FALSE,,,,,
COMM_WRK;IO;SOL19_09,,,SPARE,,FALSE,FALSE,TRUE,,FALSE,FALSE,,,,,
COMM_WRK;IO;SOL19_10,,,SPARE,,FALSE,FALSE,TRUE,,FALSE,FALSE,,,,,
COMM_WRK;IO;SOL19_11,,,SPARE,,FALSE,FALSE,TRUE,,FALSE,FALSE,,,,,
COMM_WRK;IO;FVY70_06,FVY 70.06,FVY 70.06,Chem 1 Sample,FVY 70.06,FALSE,FALSE,FALSE,,FALSE,FALSE,,,,,
COMM_WRK;IO;FVY70_07,FVY 70.07,FVY 70.07,Maintenance Sample Port,FVY 70.07,FALSE,FALSE,FALSE,,FALSE,FALSE,,,,,
COMM_WRK;IO;REDUND_FVY01_04,REDUND_FVY 01.04,REDUND_FVY 01.04,N2 Purge,REDUND_FVY 01.04,FALSE,FALSE,FALSE,,FALSE,FALSE,,,,,
COMM_WRK;IO;REDUND_FVY70_00,REDUND_FVY 70.00,REDUND_FVY 70.00,Sample Flush/Purge,REDUND_FVY 70.00,FALSE,FALSE,FALSE,,FALSE,FALSE,,,,,
COMM_WRK;IO;AT40_00,AT 40.00,AT 40.00,Chem 1 Return Conductivity,AT 40.00,FALSE,FALSE,FALSE,,FALSE,FALSE,,,,,
COMM_WRK;IO;AT61_00,AT 61.00,AT 61.00,Eng 1 Conductivity,AT 61.00,FALSE,FALSE,FALSE,,FALSE,FALSE,,,,,
COMM_WRK;IO;AT62_00,AT 62.00,AT 62.00,Eng 2 Conductivity,AT 62.00,FALSE,FALSE,FALSE,,FALSE,FALSE,,,,,
COMM_WRK;IO;PT40_10,PT 40.10,PT 40.10,Mid Loop Pressure,PT 40.10,FALSE,FALSE,TRUE,,FALSE,FALSE,,,,,
ENG01_WRK;IO;DIM01_00,,,SPARE,,FALSE,FALSE,TRUE,1,FALSE,FALSE,,,,,
ENG01_WRK;IO;DIM01_01,,,SPARE,,FALSE,FALSE,TRUE,1,FALSE,FALSE,,,,,
ENG01_WRK;IO;DIM01_02,,,SPARE,,FALSE,FALSE,TRUE,1,FALSE,FALSE,,,,,
ENG01_WRK;IO;DIM01_03,,,SPARE,,FALSE,FALSE,TRUE,1,FALSE,FALSE,,,,,
ENG01_WRK;IO;DIM01_04,,,SPARE,,FALSE,FALSE,TRUE,1,FALSE,FALSE,,,,,
ENG01_WRK;IO;DIM01_05,,,SPARE,,FALSE,FALSE,TRUE,1,FALSE,FALSE,,,,,
ENG01_WRK;IO;PS21_01,PS 21.01,PS 21.01,Eng 1 Cabinet Exhaust Fault 2,PS 21.01,TRUE,FALSE,FALSE,1,FALSE,TRUE,,,,,
ENG01_WRK;IO;DIM01_07,,,SPARE,,FALSE,FALSE,TRUE,1,FALSE,FALSE,,,,,
ENG01_WRK;IO;DIM01_08,,,SPARE,,FALSE,FALSE,TRUE,1,FALSE,FALSE,,,,,
ENG01_WRK;IO;DIM01_09,,,SPARE,,FALSE,FALSE,TRUE,1,FALSE,FALSE,,,,,
ENG01_WRK;IO;ZS21_00,ZS 21.00,ZS 21.00,Eng 1 Door Interlock,ZS 21.00,TRUE,TRUE,FALSE,1,TRUE,TRUE,,,,,
ENG01_WRK;IO;ZS21_02,ZS 21.02,ZS 21.02,Eng 1 Remote I/O Door Interlock,ZS 21.02,TRUE,FALSE,FALSE,1,FALSE,TRUE,,,,,
ENG01_WRK;IO;DIM01_12,,,SPARE,,FALSE,FALSE,TRUE,1,FALSE,FALSE,,,,,
ENG01_WRK;IO;DIM01_13,,,SPARE,,FALSE,FALSE,TRUE,1,FALSE,FALSE,,,,,
ENG01_WRK;IO;LS51_05,LS 51.05,LS 51.05,Eng 1 Leak 2,LS 51.05,TRUE,FALSE,FALSE,1,TRUE,TRUE,,,,,
ENG01_WRK;IO;LS51_04,LS 51.04,LS 51.04,Eng 1 Leak 1,LS 51.04,TRUE,FALSE,FALSE,1,FALSE,TRUE,,,,,
ENG01_WRK;IO;LS51_06,LS 51.06,LS 51.06,Filter Switch,LS 51.06,TRUE,FALSE,FALSE,1,FALSE,FALSE,,,,,
ENG01_WRK;IO;DIM02_01,,,SPARE,,FALSE,FALSE,TRUE,1,FALSE,FALSE,,,,,
ENG01_WRK;IO;DIM02_02,,,SPARE,,FALSE,FALSE,TRUE,1,FALSE,FALSE,,,,,
ENG01_WRK;IO;DIM02_03,,,SPARE,,FALSE,FALSE,TRUE,1,FALSE,FALSE,,,,,
ENG01_WRK;IO;DIM02_04,,,SPARE,,FALSE,FALSE,TRUE,1,FALSE,FALSE,,,,,
ENG01_WRK;IO;DIM02_05,,,SPARE,,FALSE,FALSE,TRUE,1,FALSE,FALSE,,,,,
ENG01_WRK;IO;DIM02_06,,,SPARE,,FALSE,FALSE,TRUE,1,FALSE,FALSE,,,,,
ENG01_WRK;IO;DIM02_07,,,SPARE,,FALSE,FALSE,TRUE,1,FALSE,FALSE,,,,,
ENG01_WRK;IO;P21_00_ON,P 21_00_ON,P 21_00_ON,Pump 21.00 On,P 21_00_ON,TRUE,FALSE,TRUE,1,FALSE,TRUE,,,,,
ENG01_WRK;IO;P21_00_ERR,P 21_00_ERR,P 21_00_ERR,Pump 21.00 Error,P 21_00_ERR,TRUE,FALSE,TRUE,1,FALSE,TRUE,,,,,
ENG01_WRK;IO;P21_00_WRN,P 21_00_WRN,P 21_00_WRN,Pump 21.00 Warning,P 21_00_WRN,TRUE,FALSE,TRUE,1,FALSE,TRUE,,,,,
ENG01_WRK;IO;P21_00_GRT70,P 21_00_GRT70,P 21_00_GRT70,Pump 21.00 Temperature  >70,P 21_00_GRT70,FALSE,FALSE,TRUE,1,FALSE,TRUE,,,,,
ENG01_WRK;IO;P21_01_ON,P 21_01_ON,P 21_01_ON,Pump 21.01 On,P 21_01_ON,TRUE,FALSE,TRUE,1,FALSE,TRUE,,,,,
ENG01_WRK;IO;P21_01_ERR,P 21_01_ERR,P 21_01_ERR,Pump 21.01 Error,P 21_01_ERR,TRUE,FALSE,TRUE,1,FALSE,TRUE,,,,,
ENG01_WRK;IO;P21_01_WRN,P 21_01_WRN,P 21_01_WRN,Pump 21.01 Warning,P 21_01_WRN,TRUE,FALSE,TRUE,1,FALSE,TRUE,,,,,
ENG01_WRK;IO;P21_01_GRT70,P 21_01_GRT70,P 21_01_GRT70,Pump 21.01 Temperature  >70,P 21_01_GRT70,FALSE,FALSE,TRUE,1,FALSE,TRUE,,,,,
ENG01_WRK;IO;P21_00_ENB,P 21_00_ENB,P 21_00_ENB,Pump 21.00 Enable,P 21_00_ENB,FALSE,FALSE,TRUE,,FALSE,FALSE,,,,,
ENG01_WRK;IO;P21_00_RST,P 21_00_RST,P 21_00_RST,Pump 21.00 Reset,P 21_00_RST,FALSE,FALSE,TRUE,,FALSE,FALSE,,,,,
ENG01_WRK;IO;P21_01_ENB,P 21_01_ENB,P 21_01_ENB,Pump 21.01 Enable,P 21_01_ENB,FALSE,FALSE,TRUE,,FALSE,FALSE,,,,,
ENG01_WRK;IO;P21_01_RST,P 21_01_RST,P 21_01_RST,Pump 21.01 Reset,P 21_01_RST,FALSE,FALSE,TRUE,,FALSE,FALSE,,,,,
ENG01_WRK;IO;XL21_00,XL 21.00,XL 21.00,Eng 1 Cabinet Light,XL 21.00,FALSE,FALSE,FALSE,,FALSE,FALSE,,,,,
ENG01_WRK;IO;FN21_00,FN 21.00,FN 21.00,Pump 21.00 Cooling Fan FN21.00,FN 21.00,FALSE,FALSE,TRUE,,FALSE,FALSE,,,,,
ENG01_WRK;IO;FN21_01,FN 21.01,FN 21.01,Pump 21.01 Cooling Fan FN21.01,FN 21.01,FALSE,FALSE,TRUE,,FALSE,FALSE,,,,,
ENG01_WRK;IO;DOM03_07,,,SPARE,,FALSE,FALSE,TRUE,,FALSE,FALSE,,,,,
ENG01_WRK;IO;DOM03_08,,,SPARE,,FALSE,FALSE,TRUE,,FALSE,FALSE,,,,,
ENG01_WRK;IO;DOM03_09,,,SPARE,,FALSE,FALSE,TRUE,,FALSE,FALSE,,,,,
ENG01_WRK;IO;DOM03_10,,,SPARE,,FALSE,FALSE,TRUE,,FALSE,FALSE,,,,,
ENG01_WRK;IO;DOM03_11,,,SPARE,,FALSE,FALSE,TRUE,,FALSE,FALSE,,,,,
ENG01_WRK;IO;DOM03_12,,,SPARE,,FALSE,FALSE,TRUE,,FALSE,FALSE,,,,,
ENG01_WRK;IO;DOM03_13,,,SPARE,,FALSE,FALSE,TRUE,,FALSE,FALSE,,,,,
ENG01_WRK;IO;DOM03_14,,,SPARE,,FALSE,FALSE,TRUE,,FALSE,FALSE,,,,,
ENG01_WRK;IO;DOM03_15,,,SPARE,,FALSE,FALSE,TRUE,,FALSE,FALSE,,,,,
ENG01_WRK;IO;PT21_00,PT 21.00,PT 21.00,Pre-Filter Pressure,PT 21.00,FALSE,FALSE,FALSE,,FALSE,FALSE,0,27648,0,100,PSI
ENG01_WRK;IO;PT21_01,PT 21.01,PT 21.01,Chem Outlet Pressure (Post Filter),PT 21.01,FALSE,FALSE,FALSE,,FALSE,FALSE,0,27648,0,100,PSI
ENG01_WRK;IO;FIT21_00,FIT 21.00,FIT 21.00,Eng 1 Supply Flow,FIT 21.00,FALSE,FALSE,FALSE,,FALSE,FALSE,0,27648,0,150,L/m
ENG01_WRK;IO;FIT21_01,FIT 21.01,FIT 21.01,Eng 1 Return to Tank Flow,FIT 21.01,FALSE,FALSE,FALSE,,FALSE,FALSE,0,27648,0,150,L/m
ENG01_WRK;IO;AIM04_04,,,SPARE,,FALSE,FALSE,TRUE,,FALSE,FALSE,,,,,
ENG01_WRK;IO;TT21_02,TT 21.02,TT 21.02,Eng 1 Cabinet Temperature,TT 21.02,FALSE,FALSE,FALSE,,FALSE,FALSE,0,27648,0,60,C
ENG01_WRK;IO;AIM04_06,,,SPARE,,FALSE,FALSE,TRUE,,FALSE,FALSE,,,,,
ENG01_WRK;IO;AIM04_07,,,SPARE,,FALSE,FALSE,TRUE,,FALSE,FALSE,,,,,
ENG01_WRK;IO;P21_00_RPM,P 21_00_RPM,P 21_00_RPM,Pump 21.00 Actual RPM,P 21_00_RPM,FALSE,FALSE,TRUE,,FALSE,FALSE,0,27648,0,10000,rpm
ENG01_WRK;IO;P21_01_RPM,P 21_01_RPM,P 21_01_RPM,Pump 21.01 Actual RPM,P 21_01_RPM,FALSE,FALSE,TRUE,,FALSE,FALSE,0,27648,0,10000,rpm
ENG01_WRK;IO;AIM05_02,,,SPARE,,FALSE,FALSE,TRUE,,FALSE,FALSE,,,,,
ENG01_WRK;IO;AIM05_03,,,SPARE,,FALSE,FALSE,TRUE,,FALSE,FALSE,,,,,
ENG01_WRK;IO;TT21_00,TT 21.00,TT 21.00,Eng 1 Supply Temperature,TT 21.00,FALSE,FALSE,FALSE,,FALSE,FALSE,-24300,32511,0,60,C
ENG01_WRK;IO;TT21_01,TT 21.01,TT 21.01,Eng 1 Metrology Temperature,TT 21.01,FALSE,FALSE,FALSE,,FALSE,FALSE,-24300,32511,0,60,C
ENG01_WRK;IO;AIM06_02,,,SPARE,,FALSE,FALSE,TRUE,,FALSE,FALSE,,,,,
ENG01_WRK;IO;AIM06_03,,,SPARE,,FALSE,FALSE,TRUE,,FALSE,FALSE,,,,,
ENG01_WRK;IO;P21_00_CMDRPM,P 21_00_CMDRPM,P 21_00_CMDRPM,Pump 21.00 Command RPM,P 21_00_CMDRPM,FALSE,FALSE,TRUE,,FALSE,FALSE,0,27648,0,10000,rpm
ENG01_WRK;IO;P21_01_CMDRPM,P 21_01_CMDRPM,P 21_01_CMDRPM,Pump 21.01 Command RPM,P 21_01_CMDRPM,FALSE,FALSE,TRUE,,FALSE,FALSE,0,27648,0,10000,rpm
ENG01_WRK;IO;PY21_00,PY 21.00,PY 21.00,Eng 1 Supply Pressure Control,PY 21.00,FALSE,FALSE,FALSE,,FALSE,FALSE,0,27648,0,100,%
ENG01_WRK;IO;AOM07_03,,,SPARE,,FALSE,FALSE,TRUE,,FALSE,FALSE,,,,,
ENG01_WRK;IO;FVY30_00,FVY 30.00,FVY 30.00,Eng 1 Chem Outlet 1,FVY 30.00,FALSE,FALSE,FALSE,,FALSE,FALSE,,,,,
ENG01_WRK;IO;FVY31_00,FVY 31.00,FVY 31.00,Eng 1 Chem Outlet 2,FVY 31.00,FALSE,FALSE,FALSE,,FALSE,FALSE,,,,,
ENG01_WRK;IO;FVY21_07,FVY 21.07,FVY 21.07,Eng 1 to Tank 21.00 Recirc,FVY 21.07,FALSE,FALSE,FALSE,,FALSE,FALSE,,,,,
ENG01_WRK;IO;FVY21_09,FVY 21.09,FVY 21.09,Eng 1 to Tank 22.00 Recirc,FVY 21.09,FALSE,FALSE,FALSE,,FALSE,FALSE,,,,,
ENG01_WRK;IO;FVY21_19,FVY 21.19,FVY 21.19,Eng 1 to SCME Recirc,FVY 21.19,FALSE,FALSE,FALSE,,FALSE,FALSE,,,,,
ENG01_WRK;IO;FVY61_00,FVY 61.00,FVY 61.00,Eng 1 Metrology Supply,FVY 61.00,FALSE,FALSE,FALSE,,FALSE,FALSE,,,,,
ENG01_WRK;IO;FVY61_01,FVY 61.01,FVY 61.01,Eng 1 Metrology Flush/Purge,FVY 61.01,FALSE,FALSE,FALSE,,FALSE,FALSE,,,,,
ENG01_WRK;IO;FVY61_02,FVY 61.02,FVY 61.02,Eng 1 Metrology Return to Tank 21.00,FVY 61.02,FALSE,FALSE,FALSE,,FALSE,FALSE,,,,,
ENG01_WRK;IO;FVY61_03,FVY 61.03,FVY 61.03,Eng 1 Metrology Return to Tank 22.00,FVY 61.03,FALSE,FALSE,FALSE,,FALSE,FALSE,,,,,
ENG01_WRK;IO;FVY70_02,FVY 70.02,FVY 70.02,Eng 1 Pre-Filter Sample,FVY 70.02,FALSE,FALSE,FALSE,,FALSE,FALSE,,,,,
ENG01_WRK;IO;FVY70_03,FVY 70.03,FVY 70.03,Eng 1 Chem Supply Sample (Post Filter),FVY 70.03,FALSE,FALSE,FALSE,,FALSE,FALSE,,,,,
ENG01_WRK;IO;FVY04_04,FVY 04.04,FVY 04.04,Pump 21.00 Low Speed CDA Supply,FVY 04.04,FALSE,FALSE,FALSE,,FALSE,FALSE,,,,,
ENG01_WRK;IO;FVY04_05,FVY 04.05,FVY 04.05,Pump 21.00 CDA Supply,FVY 04.05,FALSE,FALSE,FALSE,,FALSE,FALSE,,,,,
ENG01_WRK;IO;SOL11_13,,,SPARE,,FALSE,FALSE,TRUE,,FALSE,FALSE,,,,,
ENG01_WRK;IO;SOL11_14,,,SPARE,,FALSE,FALSE,TRUE,,FALSE,FALSE,,,,,
ENG01_WRK;IO;SOL11_15,,,SPARE,,FALSE,FALSE,TRUE,,FALSE,FALSE,,,,,
ENG01_WRK;IO;SOL12_00,,,SPARE,,FALSE,FALSE,TRUE,,FALSE,FALSE,,,,,
ENG01_WRK;IO;FVY51_01,FVY 51.01,FVY 51.01,Eng 1 Pump Drain,FVY 51.01,FALSE,FALSE,FALSE,,FALSE,FALSE,,,,,
ENG01_WRK;IO;FVY51_10,FVY 51.10,FVY 51.10,Eng 1 Filter Drain,FVY 51.10,FALSE,FALSE,FALSE,,FALSE,FALSE,,,,,
ENG01_WRK;IO;FVY51_11,FVY 51.11,FVY 51.11,Eng 1 Filter Bleed,FVY 51.11,FALSE,FALSE,FALSE,,FALSE,FALSE,,,,,
ENG01_WRK;IO;FVY51_12,FVY 51.12,FVY 51.12,Eng 1 Post Filter Drain,FVY 51.12,FALSE,FALSE,FALSE,,FALSE,FALSE,,,,,
ENG01_WRK;IO;FVY51_13,FVY 51.13,FVY 51.13,Eng 1 Slip Stream Drain,FVY 51.13,FALSE,FALSE,FALSE,,FALSE,FALSE,,,,,
ENG01_WRK;IO;SOL12_06,,,SPARE,,FALSE,FALSE,TRUE,,FALSE,FALSE,,,,,
ENG01_WRK;IO;FVY21_00,FVY 21.00,FVY 21.00,Pump Inlet 1,FVY 21.00,FALSE,FALSE,FALSE,,FALSE,FALSE,,,,,
ENG01_WRK;IO;FVY21_01,FVY 21.01,FVY 21.01,Pump Inlet 2,FVY 21.01,FALSE,FALSE,FALSE,,FALSE,FALSE,,,,,
ENG01_WRK;IO;FVY21_02,FVY 21.02,FVY 21.02,Pump Inlet 3,FVY 21.02,FALSE,FALSE,FALSE,,FALSE,FALSE,,,,,
ENG01_WRK;IO;FVY21_03,FVY 21.03,FVY 21.03,Pump Flush/Purge,FVY 21.03,FALSE,FALSE,FALSE,,FALSE,FALSE,,,,,
ENG01_WRK;IO;FVY21_04,FVY 21.04,FVY 21.04,Pump Outlet,FVY 21.04,FALSE,FALSE,FALSE,,FALSE,FALSE,,,,,
ENG01_WRK;IO;FVY21_05,FVY 21.05,FVY 21.05,Filter Flush/PURGE,FVY 21.05,FALSE,FALSE,FALSE,,FALSE,FALSE,,,,,
ENG01_WRK;IO;FVY21_06,FVY 21.06,FVY 21.06,Eng 1 Supply,FVY 21.06,FALSE,FALSE,FALSE,,FALSE,FALSE,,,,,
ENG01_WRK;IO;SOL12_14,,,SPARE,,FALSE,FALSE,TRUE,,FALSE,FALSE,,,,,
ENG01_WRK;IO;SOL12_15,,,SPARE,,FALSE,FALSE,TRUE,,FALSE,FALSE,,,,,
ENG01_WRK;IO;FVY21_11,FVY 21.11,FVY 21.11,Filter 21.00 inlet,FVY 21.11,FALSE,FALSE,TRUE,,FALSE,FALSE,,,,,
ENG01_WRK;IO;FVY21_12,FVY 21.12,FVY 21.12,Filter 21.01 inlet,FVY 21.12,FALSE,FALSE,TRUE,,FALSE,FALSE,,,,,
ENG01_WRK;IO;FVY21_13,FVY 21.13,FVY 21.13,Filter 21.02 inlet,FVY 21.13,FALSE,FALSE,TRUE,,FALSE,FALSE,,,,,
ENG01_WRK;IO;FVY21_14,FVY 21.14,FVY 21.14,Filter 21.03 inlet,FVY 21.14,FALSE,FALSE,TRUE,,FALSE,FALSE,,,,,
ENG01_WRK;IO;FVY21_15,FVY 21.15,FVY 21.15,Filter 21.04 inlet,FVY 21.15,FALSE,FALSE,TRUE,,FALSE,FALSE,,,,,
ENG01_WRK;IO;FVY21_16,FVY 21.16,FVY 21.16,Filter 21.05 inlet,FVY 21.16,FALSE,FALSE,TRUE,,FALSE,FALSE,,,,,
ENG01_WRK;IO;FVY21_17,FVY 21.17,FVY 21.17,Filter 21.06 inlet,FVY 21.17,FALSE,FALSE,TRUE,,FALSE,FALSE,,,,,
ENG01_WRK;IO;FVY21_18,FVY 21.18,FVY 21.18,Filter 21.07 inlet,FVY 21.18,FALSE,FALSE,TRUE,,FALSE,FALSE,,,,,
ENG01_WRK;IO;FVY51_02,FVY 51.02,FVY 51.02,Filter 21.00 Drain,FVY 51.02,FALSE,FALSE,TRUE,,FALSE,FALSE,,,,,
ENG01_WRK;IO;FVY51_03,FVY 51.03,FVY 51.03,Filter 21.01 Drain,FVY 51.03,FALSE,FALSE,TRUE,,FALSE,FALSE,,,,,
ENG01_WRK;IO;FVY51_04,FVY 51.04,FVY 51.04,Filter 21.02 Drain,FVY 51.04,FALSE,FALSE,TRUE,,FALSE,FALSE,,,,,
ENG01_WRK;IO;FVY51_05,FVY 51.05,FVY 51.05,Filter 21.03 Drain,FVY 51.05,FALSE,FALSE,TRUE,,FALSE,FALSE,,,,,
ENG01_WRK;IO;FVY51_06,FVY 51.06,FVY 51.06,Filter 21.04 Drain,FVY 51.06,FALSE,FALSE,TRUE,,FALSE,FALSE,,,,,
ENG01_WRK;IO;FVY51_07,FVY 51.07,FVY 51.07,Filter 21.05 Drain,FVY 51.07,FALSE,FALSE,TRUE,,FALSE,FALSE,,,,,
ENG01_WRK;IO;FVY51_08,FVY 51.08,FVY 51.08,Filter 21.06 Drain,FVY 51.08,FALSE,FALSE,TRUE,,FALSE,FALSE,,,,,
ENG01_WRK;IO;FVY51_09,FVY 51.09,FVY 51.09,Filter 21.07 Drain,FVY 51.09,FALSE,FALSE,TRUE,,FALSE,FALSE,,,,,
ENG02_WRK;IO;DIM01_00,,,SPARE,,FALSE,FALSE,TRUE,1,FALSE,FALSE,,,,,
ENG02_WRK;IO;DIM01_01,,,SPARE,,FALSE,FALSE,TRUE,1,FALSE,FALSE,,,,,
ENG02_WRK;IO;DIM01_02,,,SPARE,,FALSE,FALSE,TRUE,1,FALSE,FALSE,,,,,
ENG02_WRK;IO;DIM01_03,,,SPARE,,FALSE,FALSE,TRUE,1,FALSE,FALSE,,,,,
ENG02_WRK;IO;DIM01_04,,,SPARE,,FALSE,FALSE,TRUE,1,FALSE,FALSE,,,,,
ENG02_WRK;IO;DIM01_05,,,SPARE,,FALSE,FALSE,TRUE,1,FALSE,FALSE,,,,,
ENG02_WRK;IO;PS22_01,PS 22.01,PS 22.01,Eng 2 Cabinet Exhaust Fault 2,PS 22.01,TRUE,FALSE,FALSE,1,FALSE,TRUE,,,,,
ENG02_WRK;IO;DIM01_07,,,SPARE,,FALSE,FALSE,TRUE,1,FALSE,FALSE,,,,,
ENG02_WRK;IO;DIM01_08,,,SPARE,,FALSE,FALSE,TRUE,1,FALSE,FALSE,,,,,
ENG02_WRK;IO;DIM01_09,,,SPARE,,FALSE,FALSE,TRUE,1,FALSE,FALSE,,,,,
ENG02_WRK;IO;ZS22_00,ZS 22.00,ZS 22.00,Eng 2 Door Interlock,ZS 22.00,TRUE,TRUE,FALSE,1,TRUE,TRUE,,,,,
ENG02_WRK;IO;ZS22_02,ZS 22.02,ZS 22.02,Eng 2 Remote I/O Door Interlock,ZS 22.02,TRUE,FALSE,FALSE,1,FALSE,TRUE,,,,,
ENG02_WRK;IO;DIM01_12,,,SPARE,,FALSE,FALSE,TRUE,1,FALSE,FALSE,,,,,
ENG02_WRK;IO;DIM01_13,,,SPARE,,FALSE,FALSE,TRUE,1,FALSE,FALSE,,,,,
ENG02_WRK;IO;LS52_05,LS 52.05,LS 52.05,Eng 2 Leak 2,LS 52.05,TRUE,FALSE,FALSE,1,TRUE,TRUE,,,,,
ENG02_WRK;IO;LS52_04,LS 52.04,LS 52.04,Eng 2 Leak 1,LS 52.04,TRUE,FALSE,FALSE,1,FALSE,TRUE,,,,,
ENG02_WRK;IO;LS52_06,LS 52.06,LS 52.06,Filter Switch,LS 52.06,TRUE,FALSE,FALSE,1,FALSE,FALSE,,,,,
ENG02_WRK;IO;DIM02_01,,,SPARE,,FALSE,FALSE,TRUE,1,FALSE,FALSE,,,,,
ENG02_WRK;IO;DIM02_02,,,SPARE,,FALSE,FALSE,TRUE,1,FALSE,FALSE,,,,,
ENG02_WRK;IO;DIM02_03,,,SPARE,,FALSE,FALSE,TRUE,1,FALSE,FALSE,,,,,
ENG02_WRK;IO;DIM02_04,,,SPARE,,FALSE,FALSE,TRUE,1,FALSE,FALSE,,,,,
ENG02_WRK;IO;DIM02_05,,,SPARE,,FALSE,FALSE,TRUE,1,FALSE,FALSE,,,,,
ENG02_WRK;IO;DIM02_06,,,SPARE,,FALSE,FALSE,TRUE,1,FALSE,FALSE,,,,,
ENG02_WRK;IO;DIM02_07,,,SPARE,,FALSE,FALSE,TRUE,1,FALSE,FALSE,,,,,
ENG02_WRK;IO;P22_00_ON,P 22_00_ON,P 22_00_ON,Pump 22.00 On,P 22_00_ON,TRUE,FALSE,TRUE,1,FALSE,TRUE,,,,,
ENG02_WRK;IO;P22_00_ERR,P 22_00_ERR,P 22_00_ERR,Pump 22.00 Error,P 22_00_ERR,TRUE,FALSE,TRUE,1,FALSE,TRUE,,,,,
ENG02_WRK;IO;P22_00_WRN,P 22_00_WRN,P 22_00_WRN,Pump 22.00 Warning,P 22_00_WRN,TRUE,FALSE,TRUE,1,FALSE,TRUE,,,,,
ENG02_WRK;IO;P22_00_GRT70,P 22_00_GRT70,P 22_00_GRT70,Pump 22.00 Temperature  >70,P 22_00_GRT70,FALSE,FALSE,TRUE,1,TRUE,TRUE,,,,,
ENG02_WRK;IO;P22_01_ON,P 22_01_ON,P 22_01_ON,Pump 22.01 On,P 22_01_ON,TRUE,FALSE,TRUE,1,FALSE,TRUE,,,,,
ENG02_WRK;IO;P22_01_ERR,P 22_01_ERR,P 22_01_ERR,Pump 22.01 Error,P 22_01_ERR,TRUE,FALSE,TRUE,1,FALSE,TRUE,,,,,
ENG02_WRK;IO;P22_01_WRN,P 22_01_WRN,P 22_01_WRN,Pump 22.01 Warning,P 22_01_WRN,TRUE,FALSE,TRUE,1,FALSE,TRUE,,,,,
ENG02_WRK;IO;P22_01_GRT70,P 22_01_GRT70,P 22_01_GRT70,Pump 22.01 Temperature  >70,P 22_01_GRT70,FALSE,FALSE,TRUE,1,TRUE,TRUE,,,,,
ENG02_WRK;IO;P22_00_ENB,P 22_00_ENB,P 22_00_ENB,Pump 22.00 Enable,P 22_00_ENB,FALSE,FALSE,TRUE,1,FALSE,FALSE,,,,,
ENG02_WRK;IO;P22_00_RST,P 22_00_RST,P 22_00_RST,Pump 22.00 Reset,P 22_00_RST,FALSE,FALSE,TRUE,,FALSE,FALSE,,,,,
ENG02_WRK;IO;P22_01_ENB,P 22_01_ENB,P 22_01_ENB,Pump 22.01 Enable,P 22_01_ENB,FALSE,FALSE,TRUE,,FALSE,FALSE,,,,,
ENG02_WRK;IO;P22_01_RST,P 22_01_RST,P 22_01_RST,Pump 22.01 Reset,P 22_01_RST,FALSE,FALSE,TRUE,,FALSE,FALSE,,,,,
ENG02_WRK;IO;XL22_00,XL 22.00,XL 22.00,Eng 2 Cabinet Light,XL 22.00,FALSE,FALSE,FALSE,,FALSE,FALSE,,,,,
ENG02_WRK;IO;FN22_00,FN 22.00,FN 22.00,Pump 22.00 Cooling Fan FN22.00,FN 22.00,FALSE,FALSE,TRUE,,FALSE,FALSE,,,,,
ENG02_WRK;IO;FN22_01,FN 22.01,FN 22.01,Pump 22.01 Cooling Fan FN22.01,FN 22.01,FALSE,FALSE,TRUE,,FALSE,FALSE,,,,,
ENG02_WRK;IO;DOM03_07,,,SPARE,,FALSE,FALSE,TRUE,,FALSE,FALSE,,,,,
ENG02_WRK;IO;DOM03_08,,,SPARE,,FALSE,FALSE,TRUE,,FALSE,FALSE,,,,,
ENG02_WRK;IO;DOM03_09,,,SPARE,,FALSE,FALSE,TRUE,,FALSE,FALSE,,,,,
ENG02_WRK;IO;DOM03_10,,,SPARE,,FALSE,FALSE,TRUE,,FALSE,FALSE,,,,,
ENG02_WRK;IO;DOM03_11,,,SPARE,,FALSE,FALSE,TRUE,,FALSE,FALSE,,,,,
ENG02_WRK;IO;DOM03_12,,,SPARE,,FALSE,FALSE,TRUE,,FALSE,FALSE,,,,,
ENG02_WRK;IO;DOM03_13,,,SPARE,,FALSE,FALSE,TRUE,,FALSE,FALSE,,,,,
ENG02_WRK;IO;DOM03_14,,,SPARE,,FALSE,FALSE,TRUE,,FALSE,FALSE,,,,,
ENG02_WRK;IO;DOM03_15,,,SPARE,,FALSE,FALSE,TRUE,,FALSE,FALSE,,,,,
ENG02_WRK;IO;PT22_00,PT 22.00,PT 22.00,Pre-Filter Pressure,PT 22.00,FALSE,FALSE,FALSE,,FALSE,FALSE,0,27648,0,100,PSI
ENG02_WRK;IO;PT22_01,PT 22.01,PT 22.01,Chem Outlet Pressure (Post Filter),PT 22.01,FALSE,FALSE,FALSE,,FALSE,FALSE,0,27648,0,100,PSI
ENG02_WRK;IO;FIT22_00,FIT 22.00,FIT 22.00,Eng 2 Supply Flow,FIT 22.00,FALSE,FALSE,FALSE,,FALSE,FALSE,0,27648,0,200,L/m
ENG02_WRK;IO;FIT22_01,FIT 22.01,FIT 22.01,Eng 2 Return to Tank Flow,FIT 22.01,FALSE,FALSE,FALSE,,FALSE,FALSE,0,27648,0,200,L/m
ENG02_WRK;IO;PIT06_00,PIT 06.00,PIT 06.00,Control Gas Pressure 4,PIT 06.00,FALSE,FALSE,FALSE,,FALSE,FALSE,0,27648,0,145,PSI
ENG02_WRK;IO;TT22_02,TT 22.02,TT 22.02,Eng 2 Cabinet Temperature,TT 22.02,FALSE,FALSE,FALSE,,FALSE,FALSE,0,27648,,,
ENG02_WRK;IO;PIT06_01,PIT 06.01,PIT 06.01,Pump 22.00 Low Speed CDA Supply Pressure,PIT 06.01,FALSE,FALSE,FALSE,,FALSE,FALSE,0,27648,0,145.038,PSI
ENG02_WRK;IO;PIT06_02,PIT 06.02,PIT 06.02,Pump 22.00 CDA Supply Pressure,PIT 06.02,FALSE,FALSE,FALSE,,FALSE,FALSE,0,27648,0,145.038,PSI
ENG02_WRK;IO;P22_00_RPM,P 22_00_RPM,P 22_00_RPM,Pump 22.00 Actual RPM,P 22_00_RPM,FALSE,FALSE,TRUE,,FALSE,FALSE,0,27648,0,10000,rpm
ENG02_WRK;IO;P22_01_RPM,P 22_01_RPM,P 22_01_RPM,Pump 22.01 Actual RPM,P 22_01_RPM,FALSE,FALSE,TRUE,,FALSE,FALSE,0,27648,0,10000,rpm
ENG02_WRK;IO;AIM05_02,,,SPARE,,FALSE,FALSE,TRUE,,FALSE,FALSE,,,,,
ENG02_WRK;IO;AIM05_03,,,SPARE,,FALSE,FALSE,TRUE,,FALSE,FALSE,,,,,
ENG02_WRK;IO;TT22_00,TT 22.00,TT 22.00,Eng 2 Supply Temperature,TT 22.00,FALSE,FALSE,FALSE,,FALSE,FALSE,-24300,32511,0,60,C
ENG02_WRK;IO;TT22_01,TT 22.01,TT 22.01,Eng 2 Metrology Temperature,TT 22.01,FALSE,FALSE,FALSE,,FALSE,FALSE,-24300,32511,0,60,C
ENG02_WRK;IO;AIM06_02,,,SPARE,,FALSE,FALSE,TRUE,,FALSE,FALSE,,,,,
ENG02_WRK;IO;AIM06_03,,,SPARE,,FALSE,FALSE,TRUE,,FALSE,FALSE,,,,,
ENG02_WRK;IO;P22_00_CMDRPM,P 22_00_CMDRPM,P 22_00_CMDRPM,Pump 22.00 Command RPM,P 22_00_CMDRPM,FALSE,FALSE,TRUE,,FALSE,FALSE,0,27648,0,10000,rpm
ENG02_WRK;IO;P22_01_CMDRPM,P 22_01_CMDRPM,P 22_01_CMDRPM,Pump 22.01 Command RPM,P 22_01_CMDRPM,FALSE,FALSE,TRUE,,FALSE,FALSE,0,27648,0,10000,rpm
ENG02_WRK;IO;PY22_00,PY 22.00,PY 22.00,Eng 2 Supply Pressure Control,PY 22.00,FALSE,FALSE,FALSE,,FALSE,FALSE,0,27648,0,100,%
ENG02_WRK;IO;AOM07_03,,,SPARE,,FALSE,FALSE,TRUE,,FALSE,FALSE,,,,,
ENG02_WRK;IO;FVY30_02,FVY 30.02,FVY 30.02,Eng 2 Chem Outlet 1,FVY 30.02,FALSE,FALSE,FALSE,,FALSE,FALSE,,,,,
ENG02_WRK;IO;FVY31_02,FVY 31.02,FVY 31.02,Eng 2 Chem Outlet 2,FVY 31.02,FALSE,FALSE,FALSE,,FALSE,FALSE,,,,,
ENG02_WRK;IO;FVY22_07,FVY 22.07,FVY 22.07,Eng 2 to Tank 21.00 Recirc,FVY 22.07,FALSE,FALSE,FALSE,,FALSE,FALSE,,,,,
ENG02_WRK;IO;FVY22_09,FVY 22.09,FVY 22.09,Eng 2 to Tank 22.00 Recirc,FVY 22.09,FALSE,FALSE,FALSE,,FALSE,FALSE,,,,,
ENG02_WRK;IO;FVY22_19,FVY 22.19,FVY 22.19,Eng 2 to SCME Recirc,FVY 22.19,FALSE,FALSE,FALSE,,FALSE,FALSE,,,,,
ENG02_WRK;IO;FVY62_00,FVY 62.00,FVY 62.00,Eng 2 Metrology Supply,FVY 62.00,FALSE,FALSE,FALSE,,FALSE,FALSE,,,,,
ENG02_WRK;IO;FVY62_01,FVY 62.01,FVY 62.01,Eng 2 Metrology Flush/Purge,FVY 62.01,FALSE,FALSE,FALSE,,FALSE,FALSE,,,,,
ENG02_WRK;IO;FVY62_02,FVY 62.02,FVY 62.02,Eng 2 Metrology Return to Tank 21.00,FVY 62.02,FALSE,FALSE,FALSE,,FALSE,FALSE,,,,,
ENG02_WRK;IO;FVY62_03,FVY 62.03,FVY 62.03,Eng 2 Metrology Return to Tank 22.00,FVY 62.03,FALSE,FALSE,FALSE,,FALSE,FALSE,,,,,
ENG02_WRK;IO;FVY70_04,FVY 70.04,FVY 70.04,Eng 2 Pre-Filter Sample,FVY 70.04,FALSE,FALSE,FALSE,,FALSE,FALSE,,,,,
ENG02_WRK;IO;FVY70_05,FVY 70.05,FVY 70.05,Eng 2 Chem Supply Sample (Post Filter),FVY 70.05,FALSE,FALSE,FALSE,,FALSE,FALSE,,,,,
ENG02_WRK;IO;FVY06_01,FVY 06.01,FVY 06.01,Pump 22.00 Low Speed CDA Supply,FVY 06.01,FALSE,FALSE,FALSE,,FALSE,FALSE,,,,,
ENG02_WRK;IO;FVY06_00,FVY 06.00,FVY 06.00,Pump 22.00 CDA Supply,FVY 06.00,FALSE,FALSE,FALSE,,FALSE,FALSE,,,,,
ENG02_WRK;IO;SOL11_13,,,SPARE,,FALSE,FALSE,TRUE,,FALSE,FALSE,,,,,
ENG02_WRK;IO;SOL11_14,,,SPARE,,FALSE,FALSE,TRUE,,FALSE,FALSE,,,,,
ENG02_WRK;IO;SOL11_15,,,SPARE,,FALSE,FALSE,TRUE,,FALSE,FALSE,,,,,
ENG02_WRK;IO;SOL12_00,,,SPARE,,FALSE,FALSE,TRUE,,FALSE,FALSE,,,,,
ENG02_WRK;IO;FVY52_01,FVY 52.01,FVY 52.01,Eng 2 Pump Drain,FVY 52.01,FALSE,FALSE,FALSE,,FALSE,FALSE,,,,,
ENG02_WRK;IO;FVY52_10,FVY 52.10,FVY 52.10,Eng 2 Filter Drain,FVY 52.10,FALSE,FALSE,FALSE,,FALSE,FALSE,,,,,
ENG02_WRK;IO;FVY52_11,FVY 52.11,FVY 52.11,Eng 2 Filter Bleed,FVY 52.11,FALSE,FALSE,FALSE,,FALSE,FALSE,,,,,
ENG02_WRK;IO;FVY52_12,FVY 52.12,FVY 52.12,Eng 2 Post Filter Drain,FVY 52.12,FALSE,FALSE,FALSE,,FALSE,FALSE,,,,,
ENG02_WRK;IO;FVY52_13,FVY 52.13,FVY 52.13,Eng 2 Slip Stream Drain,FVY 52.13,FALSE,FALSE,FALSE,,FALSE,FALSE,,,,,
ENG02_WRK;IO;SOL12_06,,,SPARE,,FALSE,FALSE,TRUE,,FALSE,FALSE,,,,,
ENG02_WRK;IO;FVY22_00,FVY 22.00,FVY 22.00,Pump Inlet 1,FVY 22.00,FALSE,FALSE,FALSE,,FALSE,FALSE,,,,,
ENG02_WRK;IO;FVY22_01,FVY 22.01,FVY 22.01,Pump Inlet 2,FVY 22.01,FALSE,FALSE,FALSE,,FALSE,FALSE,,,,,
ENG02_WRK;IO;FVY22_02,FVY 22.02,FVY 22.02,Pump Inlet 3,FVY 22.02,FALSE,FALSE,FALSE,,FALSE,FALSE,,,,,
ENG02_WRK;IO;FVY22_03,FVY 22.03,FVY 22.03,Pump Flush/Purge,FVY 22.03,FALSE,FALSE,FALSE,,FALSE,FALSE,,,,,
ENG02_WRK;IO;FVY22_04,FVY 22.04,FVY 22.04,Pump Outlet,FVY 22.04,FALSE,FALSE,FALSE,,FALSE,FALSE,,,,,
ENG02_WRK;IO;FVY22_05,FVY 22.05,FVY 22.05,Filter Flush/PURGE,FVY 22.05,FALSE,FALSE,FALSE,,FALSE,FALSE,,,,,
ENG02_WRK;IO;FVY22_06,FVY 22.06,FVY 22.06,Eng 2 Supply,FVY 22.06,FALSE,FALSE,FALSE,,FALSE,FALSE,,,,,
ENG02_WRK;IO;SOL12_14,,,SPARE,,FALSE,FALSE,TRUE,,FALSE,FALSE,,,,,
ENG02_WRK;IO;SOL12_15,,,SPARE,,FALSE,FALSE,TRUE,,FALSE,FALSE,,,,,
ENG02_WRK;IO;FVY22_11,FVY 22.11,FVY 22.11,Filter 22.00 inlet,FVY 22.11,FALSE,FALSE,TRUE,,FALSE,FALSE,,,,,
ENG02_WRK;IO;FVY22_12,FVY 22.12,FVY 22.12,Filter 22.01 inlet,FVY 22.12,FALSE,FALSE,TRUE,,FALSE,FALSE,,,,,
ENG02_WRK;IO;FVY22_13,FVY 22.13,FVY 22.13,Filter 22.02 inlet,FVY 22.13,FALSE,FALSE,TRUE,,FALSE,FALSE,,,,,
ENG02_WRK;IO;FVY22_14,FVY 22.14,FVY 22.14,Filter 22.03 inlet,FVY 22.14,FALSE,FALSE,TRUE,,FALSE,FALSE,,,,,
ENG02_WRK;IO;FVY22_15,FVY 22.15,FVY 22.15,Filter 22.04 inlet,FVY 22.15,FALSE,FALSE,TRUE,,FALSE,FALSE,,,,,
ENG02_WRK;IO;FVY22_16,FVY 22.16,FVY 22.16,Filter 22.05 inlet,FVY 22.16,FALSE,FALSE,TRUE,,FALSE,FALSE,,,,,
ENG02_WRK;IO;FVY22_17,FVY 22.17,FVY 22.17,Filter 22.06 inlet,FVY 22.17,FALSE,FALSE,TRUE,,FALSE,FALSE,,,,,
ENG02_WRK;IO;FVY22_18,FVY 22.18,FVY 22.18,Filter 22.07 inlet,FVY 22.18,FALSE,FALSE,TRUE,,FALSE,FALSE,,,,,
ENG02_WRK;IO;FVY52_02,FVY 52.02,FVY 52.02,Filter 22.00 Drain,FVY 52.02,FALSE,FALSE,TRUE,,FALSE,FALSE,,,,,
ENG02_WRK;IO;FVY52_03,FVY 52.03,FVY 52.03,Filter 22.01 Drain,FVY 52.03,FALSE,FALSE,TRUE,,FALSE,FALSE,,,,,
ENG02_WRK;IO;FVY52_04,FVY 52.04,FVY 52.04,Filter 22.02 Drain,FVY 52.04,FALSE,FALSE,TRUE,,FALSE,FALSE,,,,,
ENG02_WRK;IO;FVY52_05,FVY 52.05,FVY 52.05,Filter 22.03 Drain,FVY 52.05,FALSE,FALSE,TRUE,,FALSE,FALSE,,,,,
ENG02_WRK;IO;FVY52_06,FVY 52.06,FVY 52.06,Filter 22.04 Drain,FVY 52.06,FALSE,FALSE,TRUE,,FALSE,FALSE,,,,,
ENG02_WRK;IO;FVY52_07,FVY 52.07,FVY 52.07,Filter 22.05 Drain,FVY 52.07,FALSE,FALSE,TRUE,,FALSE,FALSE,,,,,
ENG02_WRK;IO;FVY52_08,FVY 52.08,FVY 52.08,Filter 22.06 Drain,FVY 52.08,FALSE,FALSE,TRUE,,FALSE,FALSE,,,,,
ENG02_WRK;IO;FVY52_09,FVY 52.09,FVY 52.09,Filter 22.07 Drain,FVY 52.09,FALSE,FALSE,TRUE,,FALSE,FALSE,,,,,
SCME_WRK;IO;HS00_00,HS 00.00,HS 00.00,Local EMO,HS 00.00,TRUE,TRUE,FALSE,1,TRUE,TRUE,,,,,
SCME_WRK;IO;REMO,REMO,REMO,Remote EMO,REMO,TRUE,TRUE,FALSE,1,TRUE,TRUE,,,,,
SCME_WRK;IO;RLSAF,RLSAF,RLSAF,Remote Life Safety,RLSAF,TRUE,TRUE,FALSE,1,TRUE,TRUE,,,,,
SCME_WRK;IO;HS20_00,HS 20.00,HS 20.00,"CTU, BCTU, CTDM EMO",HS 20.00,TRUE,TRUE,FALSE,1,TRUE,TRUE,,,,,
SCME_WRK;IO;PS00_00,PS 00.00,PS 00.00,Cabinet Exhaust Fault,PS 00.00,TRUE,TRUE,FALSE,1,TRUE,TRUE,,,,,
SCME_WRK;IO;LS00_05,LS 00.05,LS 00.05,Cabinet Leak 2,LS 00.05,TRUE,FALSE,FALSE,1,TRUE,TRUE,,,,,
SCME_WRK;IO;DIM02_06,,,SPARE,,FALSE,FALSE,TRUE,1,FALSE,FALSE,,,,,
SCME_WRK;IO;ZS00_00,ZS 00.00,ZS 00.00,Control Cabinet Door Interlock,ZS 00.00,TRUE,TRUE,FALSE,1,FALSE,TRUE,,,,,
SCME_WRK;IO;PS02_00,PS 02.00,PS 02.00,Z Purge,PS 02.00,TRUE,FALSE,FALSE,1,TRUE,TRUE,,,,,
SCME_WRK;IO;FIREDISCH,FIREDISCH,FIREDISCH,Remote Fire Suppression Discharge,FIREDISCH,TRUE,FALSE,FALSE,1,TRUE,TRUE,,,,,
SCME_WRK;IO;FIREDET,FIREDET,FIREDET,Fire Detected,FIREDET,TRUE,FALSE,FALSE,1,TRUE,TRUE,,,,,
SCME_WRK;IO;BS10_00_FAULT,BS 10_00_FAULT,BS 10_00_FAULT,Fire Detector Fault,BS 10_00_FAULT,TRUE,FALSE,FALSE,1,TRUE,TRUE,,,,,
SCME_WRK;IO;FIREWARN,FIREWARN,FIREWARN,Remote Fire Suppression Warning,FIREWARN,TRUE,FALSE,FALSE,1,TRUE,TRUE,,,,,
SCME_WRK;IO;BS10_00_WARN,BS 10_00_WARN,BS 10_00_WARN,Fire Detected Warning,BS 10_00_WARN,TRUE,FALSE,FALSE,1,TRUE,TRUE,,,,,
SCME_WRK;IO;ZS00_01,ZS 00.01,ZS 00.01,Alarm Bypass Key Switch,ZS 00.01,TRUE,FALSE,FALSE,1,FALSE,FALSE,,,,,
SCME_WRK;IO;R4,R 4,R 4,EMO Enable,R 4,TRUE,FALSE,FALSE,1,FALSE,FALSE,,,,,
SCME_WRK;IO;ZS10_00,ZS 10.00,ZS 10.00,Vessel Access Door 1 Interlock,ZS 10.00,TRUE,TRUE,FALSE,1,TRUE,TRUE,,,,,
SCME_WRK;IO;ZS10_01,ZS 10.01,ZS 10.01,Plumbing Access Door Interlock,ZS 10.01,TRUE,TRUE,FALSE,1,TRUE,TRUE,,,,,
SCME_WRK;IO;ZS10_02,ZS 10.02,ZS 10.02,Vessel Access Door 2 Interlock,ZS 10.02,TRUE,TRUE,FALSE,1,TRUE,TRUE,,,,,
SCME_WRK;IO;PS01_07,PS 01.07,PS 01.07,Vessel 11.00 Connection Verify,PS 01.07,TRUE,FALSE,FALSE,1,FALSE,TRUE,,,,,
SCME_WRK;IO;PS01_08,PS 01.08,PS 01.08,Vessel 12.00 Connection Verify,PS 01.08,TRUE,FALSE,FALSE,1,FALSE,TRUE,,,,,
SCME_WRK;IO;PS01_09,PS 01.09,PS 01.09,Vessel 13.00 Connection Verify,PS 01.09,TRUE,FALSE,FALSE,1,FALSE,TRUE,,,,,
SCME_WRK;IO;PS01_10,PS 01.10,PS 01.10,Vessel 14.00 Connection Verify,PS 01.10,TRUE,FALSE,FALSE,1,FALSE,TRUE,,,,,
SCME_WRK;IO;PS11_00,PS 11.00,PS 11.00,Cabinet Exhaust Fault 2,PS 11.00,TRUE,FALSE,FALSE,1,TRUE,TRUE,,,,,
SCME_WRK;IO;PS10_00,PS 10.00,PS 10.00,Indirect Vent Exhaust Fault,PS 10.00,TRUE,FALSE,FALSE,1,TRUE,TRUE,,,,,
SCME_WRK;IO;LS10_04,LS 10.04,LS 10.04,Upper Containment Leak Detect,LS 10.04,TRUE,FALSE,FALSE,1,TRUE,TRUE,,,,,
SCME_WRK;IO;DIM03_10,,,SPARE,,FALSE,FALSE,TRUE,1,FALSE,FALSE,,,,,
SCME_WRK;IO;DIM03_11,,,SPARE,,FALSE,FALSE,TRUE,1,FALSE,FALSE,,,,,
SCME_WRK;IO;DIM03_12,,,SPARE,,FALSE,FALSE,TRUE,1,FALSE,FALSE,,,,,
SCME_WRK;IO;DIM03_13,,,SPARE,,FALSE,FALSE,TRUE,1,FALSE,FALSE,,,,,
SCME_WRK;IO;DIM03_14,,,SPARE,,FALSE,FALSE,TRUE,1,FALSE,FALSE,,,,,
SCME_WRK;IO;DIM03_15,,,SPARE,,FALSE,FALSE,TRUE,1,FALSE,FALSE,,,,,
SCME_WRK;IO;LS11_00,LS 11.00,LS 11.00,Vessel 11.00 Low Low,LS 11.00,TRUE,FALSE,FALSE,1,FALSE,TRUE,,,,,
SCME_WRK;IO;LS11_05,LS 11.05,LS 11.05,Vessel 11.00 Overfill,LS 11.05,TRUE,FALSE,FALSE,1,TRUE,TRUE,,,,,
SCME_WRK;IO;LS12_00,LS 12.00,LS 12.00,Vessel 12.00 Low Low,LS 12.00,TRUE,FALSE,FALSE,1,FALSE,TRUE,,,,,
SCME_WRK;IO;LS12_05,LS 12.05,LS 12.05,Vessel 12.00 Overfill,LS 12.05,TRUE,FALSE,FALSE,1,TRUE,TRUE,,,,,
SCME_WRK;IO;LS13_00,LS 13.00,LS 13.00,Vessel 13.00 Low Low,LS 13.00,TRUE,FALSE,FALSE,1,FALSE,TRUE,,,,,
SCME_WRK;IO;LS13_05,LS 13.05,LS 13.05,Vessel 13.00 Overfill,LS 13.05,TRUE,FALSE,FALSE,1,TRUE,TRUE,,,,,
SCME_WRK;IO;LS14_00,LS 14.00,LS 14.00,Vessel 14.00 Low Low,LS 14.00,TRUE,FALSE,FALSE,1,FALSE,TRUE,,,,,
SCME_WRK;IO;LS14_05,LS 14.05,LS 14.05,Vessel 14.00 Overfill,LS 14.05,TRUE,FALSE,FALSE,1,TRUE,TRUE,,,,,
SCME_WRK;IO;ZS11_00,ZS 11.00,ZS 11.00,Vessel 11.00 Start PB,ZS 11.00,TRUE,FALSE,FALSE,1,FALSE,FALSE,,,,,
SCME_WRK;IO;ZS12_00,ZS 12.00,ZS 12.00,Vessel 12.00 Start PB,ZS 12.00,TRUE,FALSE,FALSE,1,FALSE,FALSE,,,,,
SCME_WRK;IO;ZS13_00,ZS 13.00,ZS 13.00,Vessel 13.00 Start PB,ZS 13.00,TRUE,FALSE,FALSE,1,FALSE,FALSE,,,,,
SCME_WRK;IO;ZS14_00,ZS 14.00,ZS 14.00,Vessel 14.00 Start PB,ZS 14.00,TRUE,FALSE,FALSE,1,FALSE,FALSE,,,,,
SCME_WRK;IO;DIM04_12,,,SPARE,,FALSE,FALSE,TRUE,1,FALSE,FALSE,,,,,
SCME_WRK;IO;DIM04_13,,,SPARE,,FALSE,FALSE,TRUE,1,FALSE,FALSE,,,,,
SCME_WRK;IO;RDYCCB,RDY CCB,RDY CCB,CCB Ready,RDY CCB,TRUE,FALSE,FALSE,1,FALSE,FALSE,,,,,
SCME_WRK;IO;VSL_APR,VSL_APR,VSL_APR,Vessel Approval (From Customer),VSL_APR,TRUE,FALSE,TRUE,,FALSE,FALSE,,,,,
SCME_WRK;IO;YI00_00,YI 00.00,YI 00.00,System Audible Alert,YI 00.00,FALSE,FALSE,FALSE,,FALSE,FALSE,,,,,
SCME_WRK;IO;YL00_02,YL 00.02,YL 00.02,System OK,YL 00.02,FALSE,FALSE,FALSE,,FALSE,FALSE,,,,,
SCME_WRK;IO;YL00_01,YL 00.01,YL 00.01,System Maintenance,YL 00.01,FALSE,FALSE,FALSE,,FALSE,FALSE,,,,,
SCME_WRK;IO;YL00_00,YL 00.00,YL 00.00,System Shutdown,YL 00.00,FALSE,FALSE,FALSE,,FALSE,FALSE,,,,,
SCME_WRK;IO;XL00_00,XL 00.00,XL 00.00,Control Cabinet Light,XL 00.00,FALSE,FALSE,FALSE,,FALSE,FALSE,,,,,
SCME_WRK;IO;XL10_00,XL 10.00,XL 10.00,Cabinet Light,XL 10.00,FALSE,FALSE,FALSE,,FALSE,FALSE,,,,,
SCME_WRK;IO;OUT_R4,OUT_R 4,OUT_R 4,EMO Reset,OUT_R 4,FALSE,FALSE,FALSE,,FALSE,FALSE,,,,,
SCME_WRK;IO;YL11_00,YL 11.00,YL 11.00,Vessel 11.00 Start PB Light,YL 11.00,FALSE,FALSE,FALSE,,FALSE,FALSE,,,,,
SCME_WRK;IO;YL12_00,YL 12.00,YL 12.00,Vessel 12.00 Start PB Light,YL 12.00,FALSE,FALSE,FALSE,,FALSE,FALSE,,,,,
SCME_WRK;IO;YL13_00,YL 13.00,YL 13.00,Vessel 13.00 Start PB Light,YL 13.00,FALSE,FALSE,FALSE,,FALSE,FALSE,,,,,
SCME_WRK;IO;YL14_00,YL 14.00,YL 14.00,Vessel 14.00 Start PB Light,YL 14.00,FALSE,FALSE,FALSE,,FALSE,FALSE,,,,,
SCME_WRK;IO;DOM05_11,,,SPARE,,FALSE,FALSE,TRUE,,FALSE,FALSE,,,,,
SCME_WRK;IO;DOM05_12,,,SPARE,,FALSE,FALSE,TRUE,,FALSE,FALSE,,,,,
SCME_WRK;IO;DOM05_13,,,SPARE,,FALSE,FALSE,TRUE,,FALSE,FALSE,,,,,
SCME_WRK;IO;DOM05_14,,,SPARE,,FALSE,FALSE,TRUE,,FALSE,FALSE,,,,,
SCME_WRK;IO;DOM05_15,,,SPARE,,FALSE,FALSE,TRUE,,FALSE,FALSE,,,,,
SCME_WRK;IO;PIT01_00,PIT 01.00,PIT 01.00,GN2 Pressure,PIT 01.00,FALSE,FALSE,FALSE,,FALSE,FALSE,0,27648,0,145,PSI
SCME_WRK;IO;PT01_04,PT 01.04,PT 01.04,Vessel Vent Pressure,PT 01.04,FALSE,FALSE,FALSE,,FALSE,FALSE,0,27648,0,200,PSI
SCME_WRK;IO;PT01_01,PT 01.01,PT 01.01,Vessel Connection Verification Pressure,PT 01.01,FALSE,FALSE,FALSE,,FALSE,FALSE,0,27648,0,200,PSI
SCME_WRK;IO;AIM06_03,,,SPARE,,FALSE,FALSE,TRUE,,FALSE,FALSE,,,,,
SCME_WRK;IO;TT00_00,TT 00.00,TT 00.00,Control Cabinet Temperature,TT 00.00,FALSE,FALSE,FALSE,,FALSE,FALSE,-24300,32511,0,60,C
SCME_WRK;IO;TT10_00,TT 10.00,TT 10.00,Cabinet Temperature,TT 10.00,FALSE,FALSE,FALSE,,FALSE,FALSE,-24300,32511,0,60,C
SCME_WRK;IO;AIM06_06,,,SPARE,,FALSE,FALSE,TRUE,,FALSE,FALSE,,,,,
SCME_WRK;IO;PIT00_00,PIT 00.00,PIT 00.00,Cabinet Exhaust Pressure,PIT 00.00,FALSE,FALSE,FALSE,,FALSE,FALSE,0,27648,0,145,PSI
SCME_WRK;IO;FVY11_00,FVY 11.00,FVY 11.00,Vessel 11.00 Outlet,FVY 11.00,FALSE,FALSE,FALSE,,FALSE,FALSE,,,,,
SCME_WRK;IO;FVY11_01,FVY 11.01,FVY 11.01,Vessel 11.00 Inlet,FVY 11.01,FALSE,FALSE,FALSE,,FALSE,FALSE,,,,,
SCME_WRK;IO;FVY12_00,FVY 12.00,FVY 12.00,Vessel 12.00 Outlet,FVY 12.00,FALSE,FALSE,FALSE,,FALSE,FALSE,,,,,
SCME_WRK;IO;FVY12_01,FVY 12.01,FVY 12.01,Vessel 12.00 Inlet,FVY 12.01,FALSE,FALSE,FALSE,,FALSE,FALSE,,,,,
SCME_WRK;IO;FVY13_00,FVY 13.00,FVY 13.00,Vessel 13.00 Outlet,FVY 13.00,FALSE,FALSE,FALSE,,FALSE,FALSE,,,,,
SCME_WRK;IO;FVY13_01,FVY 13.01,FVY 13.01,Vessel 13.00 Inlet,FVY 13.01,FALSE,FALSE,FALSE,,FALSE,FALSE,,,,,
SCME_WRK;IO;FVY14_00,FVY 14.00,FVY 14.00,Vessel 14.00 Outlet,FVY 14.00,FALSE,FALSE,FALSE,,FALSE,FALSE,,,,,
SCME_WRK;IO;FVY14_01,FVY 14.01,FVY 14.01,Vessel 14.00 Inlet,FVY 14.01,FALSE,FALSE,FALSE,,FALSE,FALSE,,,,,
SCME_WRK;IO;SOL07_08,,,SPARE,,FALSE,FALSE,TRUE,,FALSE,FALSE,,,,,
SCME_WRK;IO;SOL07_09,,,SPARE,,FALSE,FALSE,TRUE,,FALSE,FALSE,,,,,
SCME_WRK;IO;SOL07_10,,,SPARE,,FALSE,FALSE,TRUE,,FALSE,FALSE,,,,,
SCME_WRK;IO;SOL07_11,,,SPARE,,FALSE,FALSE,TRUE,,FALSE,FALSE,,,,,
SCME_WRK;IO;SOL07_12,,,SPARE,,FALSE,FALSE,TRUE,,FALSE,FALSE,,,,,
SCME_WRK;IO;SOL07_13,,,SPARE,,FALSE,FALSE,TRUE,,FALSE,FALSE,,,,,
SCME_WRK;IO;SOL07_14,,,SPARE,,FALSE,FALSE,TRUE,,FALSE,FALSE,,,,,
SCME_WRK;IO;SOL07_15,,,SPARE,,FALSE,FALSE,TRUE,,FALSE,FALSE,,,,,
